BC01	20240711_FB36
BC04	20240711_FB37
BC09	20240711_FB38
BC10	20240711_FB39
BC12	20240711_FB40
BC13	20240711_FB41
BC14	20240711_FB42
BC24	20240711_FB43
BC25	20240711_FB44
BC26	20240711_FB45
BC27	20240711_FB46
BC32	20240711_FB47
BC35	20240711_FB48
BC36	20240711_FB49
BC37	20240711_FB50
BC44	20240711_FB51
BC47	20240711_FB52
BC51	20240711_FB53
BC53	20240711_FB54
BC81	20240711_FB55
BC60	20240711_FB56
BC66	20240711_FB57
BC68	20240711_FB58
BC72	20240711_FB59
BC73	20240711_FB60
BC79	20240711_FB61
BC15	20240711_FB62
BC22	20240711_FB63
BC40	20240711_FB64
BC50	20240711_FB65
BC54	20240711_FB66
BC74	20240711_TMD57
BC49	20240711_TC76
BC64	20240711_TW53
