"","isotype","n_homology","n","frac","Sample","celltype","Genotype"
"1","Se","0",103,0.249394673123487,"SRR2104731","spleen","WT"
"2","Se","1",95,0.230024213075061,"SRR2104731","spleen","WT"
"3","Se","2",71,0.171912832929782,"SRR2104731","spleen","WT"
"4","Se","3",80,0.193704600484261,"SRR2104731","spleen","WT"
"5","Se","4",40,0.0968523002421307,"SRR2104731","spleen","WT"
"6","Se","5",18,0.0435835351089588,"SRR2104731","spleen","WT"
"7","Se","6",5,0.0121065375302663,"SRR2104731","spleen","WT"
"8","Se","8",1,0.00242130750605327,"SRR2104731","spleen","WT"
"9","Sg1","0",284,0.239864864864865,"SRR2104731","spleen","WT"
"10","Sg1","1",237,0.200168918918919,"SRR2104731","spleen","WT"
"11","Sg1","2",237,0.200168918918919,"SRR2104731","spleen","WT"
"12","Sg1","3",155,0.130912162162162,"SRR2104731","spleen","WT"
"13","Sg1","4",90,0.0760135135135135,"SRR2104731","spleen","WT"
"14","Sg1","5",54,0.0456081081081081,"SRR2104731","spleen","WT"
"15","Sg1","6",51,0.0430743243243243,"SRR2104731","spleen","WT"
"16","Sg1","7",42,0.035472972972973,"SRR2104731","spleen","WT"
"17","Sg1","8",9,0.00760135135135135,"SRR2104731","spleen","WT"
"18","Sg1","9",1,0.000844594594594595,"SRR2104731","spleen","WT"
"19","Sa","1",1,1,"SRR2104732","spleen","WT"
"20","Se","0",151,0.235202492211838,"SRR2104732","spleen","WT"
"21","Se","1",153,0.238317757009346,"SRR2104732","spleen","WT"
"22","Se","2",146,0.227414330218069,"SRR2104732","spleen","WT"
"23","Se","3",109,0.169781931464174,"SRR2104732","spleen","WT"
"24","Se","4",49,0.0763239875389408,"SRR2104732","spleen","WT"
"25","Se","5",24,0.0373831775700935,"SRR2104732","spleen","WT"
"26","Se","6",7,0.0109034267912773,"SRR2104732","spleen","WT"
"27","Se","7",1,0.00155763239875389,"SRR2104732","spleen","WT"
"28","Sg1","0",555,0.257899628252788,"SRR2104732","spleen","WT"
"29","Sg1","1",429,0.199349442379182,"SRR2104732","spleen","WT"
"30","Sg1","2",454,0.210966542750929,"SRR2104732","spleen","WT"
"31","Sg1","3",270,0.12546468401487,"SRR2104732","spleen","WT"
"32","Sg1","4",160,0.0743494423791822,"SRR2104732","spleen","WT"
"33","Sg1","5",92,0.0427509293680297,"SRR2104732","spleen","WT"
"34","Sg1","6",69,0.0320631970260223,"SRR2104732","spleen","WT"
"35","Sg1","7",64,0.0297397769516729,"SRR2104732","spleen","WT"
"36","Sg1","8",6,0.00278810408921933,"SRR2104732","spleen","WT"
"37","Se","0",201,0.232638888888889,"SRR2104733","spleen","WT"
"38","Se","1",203,0.234953703703704,"SRR2104733","spleen","WT"
"39","Se","2",192,0.222222222222222,"SRR2104733","spleen","WT"
"40","Se","3",150,0.173611111111111,"SRR2104733","spleen","WT"
"41","Se","4",79,0.0914351851851852,"SRR2104733","spleen","WT"
"42","Se","5",28,0.0324074074074074,"SRR2104733","spleen","WT"
"43","Se","6",5,0.00578703703703704,"SRR2104733","spleen","WT"
"44","Se","7",1,0.00115740740740741,"SRR2104733","spleen","WT"
"45","Sg1","0",401,0.253958201393287,"SRR2104733","spleen","WT"
"46","Sg1","1",320,0.202659911336289,"SRR2104733","spleen","WT"
"47","Sg1","2",345,0.218492716909436,"SRR2104733","spleen","WT"
"48","Sg1","3",185,0.117162761241292,"SRR2104733","spleen","WT"
"49","Sg1","4",135,0.0854971500949968,"SRR2104733","spleen","WT"
"50","Sg1","5",58,0.0367321089297023,"SRR2104733","spleen","WT"
"51","Sg1","6",53,0.0335655478150728,"SRR2104733","spleen","WT"
"52","Sg1","7",39,0.0246991766941102,"SRR2104733","spleen","WT"
"53","Sg1","8",6,0.00379987333755541,"SRR2104733","spleen","WT"
"54","Sa","0",1,0.5,"SRR2104734","spleen","WT"
"55","Sa","2",1,0.5,"SRR2104734","spleen","WT"
"56","Se","0",1027,0.240515222482436,"SRR2104734","spleen","WT"
"57","Se","1",962,0.225292740046838,"SRR2104734","spleen","WT"
"58","Se","2",922,0.215925058548009,"SRR2104734","spleen","WT"
"59","Se","3",696,0.162997658079625,"SRR2104734","spleen","WT"
"60","Se","4",350,0.0819672131147541,"SRR2104734","spleen","WT"
"61","Se","5",151,0.0353629976580796,"SRR2104734","spleen","WT"
"62","Se","6",50,0.0117096018735363,"SRR2104734","spleen","WT"
"63","Se","7",7,0.00163934426229508,"SRR2104734","spleen","WT"
"64","Sg1","0",1076,0.26430852370425,"SRR2104734","spleen","WT"
"65","Sg1","1",916,0.225006140997298,"SRR2104734","spleen","WT"
"66","Sg1","2",750,0.184229918938836,"SRR2104734","spleen","WT"
"67","Sg1","3",556,0.136575779906657,"SRR2104734","spleen","WT"
"68","Sg1","4",286,0.070253009088676,"SRR2104734","spleen","WT"
"69","Sg1","5",137,0.0336526651928273,"SRR2104734","spleen","WT"
"70","Sg1","6",94,0.0230901498403341,"SRR2104734","spleen","WT"
"71","Sg1","7",76,0.018668631785802,"SRR2104734","spleen","WT"
"72","Sg1","8",18,0.00442151805453206,"SRR2104734","spleen","WT"
"73","Sg1","9",2,0.000491279783836895,"SRR2104734","spleen","WT"
"74","Se","0",515,0.224890829694323,"SRR2104735","spleen","WT"
"75","Se","1",592,0.258515283842795,"SRR2104735","spleen","WT"
"76","Se","2",490,0.213973799126638,"SRR2104735","spleen","WT"
"77","Se","3",372,0.162445414847162,"SRR2104735","spleen","WT"
"78","Se","4",174,0.0759825327510917,"SRR2104735","spleen","WT"
"79","Se","5",89,0.0388646288209607,"SRR2104735","spleen","WT"
"80","Se","6",13,0.00567685589519651,"SRR2104735","spleen","WT"
"81","Se","7",6,0.00262008733624454,"SRR2104735","spleen","WT"
"82","Se","8",1,0.000436681222707424,"SRR2104735","spleen","WT"
"83","Sg1","0",1005,0.256508422664625,"SRR2104735","spleen","WT"
"84","Sg1","1",870,0.222052067381317,"SRR2104735","spleen","WT"
"85","Sg1","2",734,0.187340479836651,"SRR2104735","spleen","WT"
"86","Sg1","3",539,0.137570188871873,"SRR2104735","spleen","WT"
"87","Sg1","4",285,0.0727411944869832,"SRR2104735","spleen","WT"
"88","Sg1","5",161,0.0410923940786115,"SRR2104735","spleen","WT"
"89","Sg1","6",97,0.0247575293517101,"SRR2104735","spleen","WT"
"90","Sg1","7",77,0.0196528841245533,"SRR2104735","spleen","WT"
"91","Sg1","8",12,0.00306278713629403,"SRR2104735","spleen","WT"
"92","Sa","0",2,0.4,"SRR2104736","spleen","Atm"
"93","Sa","1",1,0.2,"SRR2104736","spleen","Atm"
"94","Se","0",304,0.162479957242117,"SRR2104736","spleen","Atm"
"95","Se","1",318,0.169962586851951,"SRR2104736","spleen","Atm"
"96","Se","2",417,0.222875467664351,"SRR2104736","spleen","Atm"
"97","Se","3",386,0.206306787814003,"SRR2104736","spleen","Atm"
"98","Se","4",242,0.129342597541422,"SRR2104736","spleen","Atm"
"99","Se","5",121,0.0646712987707108,"SRR2104736","spleen","Atm"
"100","Se","6",37,0.019775521111705,"SRR2104736","spleen","Atm"
"101","Se","7",9,0.00481026189203634,"SRR2104736","spleen","Atm"
"102","Se","8",4,0.00213789417423838,"SRR2104736","spleen","Atm"
"103","Se","9",1,0.000534473543559594,"SRR2104736","spleen","Atm"
"104","Sg1","0",976,0.185904761904762,"SRR2104736","spleen","Atm"
"105","Sg1","1",890,0.16952380952381,"SRR2104736","spleen","Atm"
"106","Sg1","2",1112,0.211809523809524,"SRR2104736","spleen","Atm"
"107","Sg1","3",845,0.160952380952381,"SRR2104736","spleen","Atm"
"108","Sg1","4",556,0.105904761904762,"SRR2104736","spleen","Atm"
"109","Sg1","5",291,0.0554285714285714,"SRR2104736","spleen","Atm"
"110","Sg1","6",185,0.0352380952380952,"SRR2104736","spleen","Atm"
"111","Sg1","7",165,0.0314285714285714,"SRR2104736","spleen","Atm"
"112","Sg1","8",28,0.00533333333333333,"SRR2104736","spleen","Atm"
"113","Sg1","9",4,0.000761904761904762,"SRR2104736","spleen","Atm"
"114","Sa","0",1,0.333333333333333,"SRR2104737","spleen","Atm"
"115","Se","0",256,0.19047619047619,"SRR2104737","spleen","Atm"
"116","Se","1",256,0.19047619047619,"SRR2104737","spleen","Atm"
"117","Se","2",299,0.222470238095238,"SRR2104737","spleen","Atm"
"118","Se","3",260,0.193452380952381,"SRR2104737","spleen","Atm"
"119","Se","4",154,0.114583333333333,"SRR2104737","spleen","Atm"
"120","Se","5",65,0.0483630952380952,"SRR2104737","spleen","Atm"
"121","Se","6",19,0.0141369047619048,"SRR2104737","spleen","Atm"
"122","Se","7",8,0.00595238095238095,"SRR2104737","spleen","Atm"
"123","Se","8",2,0.00148809523809524,"SRR2104737","spleen","Atm"
"124","Sg1","0",830,0.187782805429864,"SRR2104737","spleen","Atm"
"125","Sg1","1",727,0.16447963800905,"SRR2104737","spleen","Atm"
"126","Sg1","2",1002,0.226696832579186,"SRR2104737","spleen","Atm"
"127","Sg1","3",710,0.160633484162896,"SRR2104737","spleen","Atm"
"128","Sg1","4",420,0.0950226244343891,"SRR2104737","spleen","Atm"
"129","Sg1","5",260,0.0588235294117647,"SRR2104737","spleen","Atm"
"130","Sg1","6",138,0.0312217194570136,"SRR2104737","spleen","Atm"
"131","Sg1","7",145,0.0328054298642534,"SRR2104737","spleen","Atm"
"132","Sg1","8",21,0.00475113122171946,"SRR2104737","spleen","Atm"
"133","Sg1","9",6,0.00135746606334842,"SRR2104737","spleen","Atm"
"134","Sa","3",2,1,"SRR2104738","spleen","Atm"
"135","Se","0",352,0.204176334106729,"SRR2104738","spleen","Atm"
"136","Se","1",340,0.197215777262181,"SRR2104738","spleen","Atm"
"137","Se","2",394,0.228538283062645,"SRR2104738","spleen","Atm"
"138","Se","3",299,0.173433874709977,"SRR2104738","spleen","Atm"
"139","Se","4",170,0.0986078886310905,"SRR2104738","spleen","Atm"
"140","Se","5",108,0.0626450116009281,"SRR2104738","spleen","Atm"
"141","Se","6",17,0.00986078886310905,"SRR2104738","spleen","Atm"
"142","Se","7",14,0.00812064965197216,"SRR2104738","spleen","Atm"
"143","Se","8",3,0.00174013921113689,"SRR2104738","spleen","Atm"
"144","Sg1","0",952,0.19568345323741,"SRR2104738","spleen","Atm"
"145","Sg1","1",767,0.157656731757451,"SRR2104738","spleen","Atm"
"146","Sg1","2",1047,0.215210688591984,"SRR2104738","spleen","Atm"
"147","Sg1","3",821,0.168756423432682,"SRR2104738","spleen","Atm"
"148","Sg1","4",440,0.0904419321685509,"SRR2104738","spleen","Atm"
"149","Sg1","5",296,0.0608427543679342,"SRR2104738","spleen","Atm"
"150","Sg1","6",164,0.033710174717369,"SRR2104738","spleen","Atm"
"151","Sg1","7",172,0.0353545734840699,"SRR2104738","spleen","Atm"
"152","Sg1","8",18,0.00369989722507708,"SRR2104738","spleen","Atm"
"153","Sg1","9",9,0.00184994861253854,"SRR2104738","spleen","Atm"
"154","Sa","2",1,0.5,"SRR2104739","spleen","Trp53bp1"
"155","Sa","3",1,0.5,"SRR2104739","spleen","Trp53bp1"
"156","Se","0",5,0.0746268656716418,"SRR2104739","spleen","Trp53bp1"
"157","Se","1",9,0.134328358208955,"SRR2104739","spleen","Trp53bp1"
"158","Se","2",21,0.313432835820896,"SRR2104739","spleen","Trp53bp1"
"159","Se","3",18,0.26865671641791,"SRR2104739","spleen","Trp53bp1"
"160","Se","4",5,0.0746268656716418,"SRR2104739","spleen","Trp53bp1"
"161","Se","5",8,0.119402985074627,"SRR2104739","spleen","Trp53bp1"
"162","Se","6",1,0.0149253731343284,"SRR2104739","spleen","Trp53bp1"
"163","Sg1","0",27,0.125581395348837,"SRR2104739","spleen","Trp53bp1"
"164","Sg1","1",24,0.111627906976744,"SRR2104739","spleen","Trp53bp1"
"165","Sg1","2",43,0.2,"SRR2104739","spleen","Trp53bp1"
"166","Sg1","3",32,0.148837209302326,"SRR2104739","spleen","Trp53bp1"
"167","Sg1","4",27,0.125581395348837,"SRR2104739","spleen","Trp53bp1"
"168","Sg1","5",21,0.0976744186046512,"SRR2104739","spleen","Trp53bp1"
"169","Sg1","6",19,0.0883720930232558,"SRR2104739","spleen","Trp53bp1"
"170","Sg1","7",18,0.0837209302325581,"SRR2104739","spleen","Trp53bp1"
"171","Sg1","8",1,0.00465116279069767,"SRR2104739","spleen","Trp53bp1"
"172","Sg1","9",1,0.00465116279069767,"SRR2104739","spleen","Trp53bp1"
"173","Sa","1",1,0.25,"SRR2104740","spleen","Trp53bp1"
"174","Sa","2",1,0.25,"SRR2104740","spleen","Trp53bp1"
"175","Sa","4",1,0.25,"SRR2104740","spleen","Trp53bp1"
"176","Sa","5",1,0.25,"SRR2104740","spleen","Trp53bp1"
"177","Se","0",10,0.128205128205128,"SRR2104740","spleen","Trp53bp1"
"178","Se","1",10,0.128205128205128,"SRR2104740","spleen","Trp53bp1"
"179","Se","2",20,0.256410256410256,"SRR2104740","spleen","Trp53bp1"
"180","Se","3",15,0.192307692307692,"SRR2104740","spleen","Trp53bp1"
"181","Se","4",12,0.153846153846154,"SRR2104740","spleen","Trp53bp1"
"182","Se","5",7,0.0897435897435897,"SRR2104740","spleen","Trp53bp1"
"183","Se","6",2,0.0256410256410256,"SRR2104740","spleen","Trp53bp1"
"184","Sg1","0",38,0.122977346278317,"SRR2104740","spleen","Trp53bp1"
"185","Sg1","1",45,0.145631067961165,"SRR2104740","spleen","Trp53bp1"
"186","Sg1","2",53,0.171521035598705,"SRR2104740","spleen","Trp53bp1"
"187","Sg1","3",57,0.184466019417476,"SRR2104740","spleen","Trp53bp1"
"188","Sg1","4",54,0.174757281553398,"SRR2104740","spleen","Trp53bp1"
"189","Sg1","5",24,0.0776699029126214,"SRR2104740","spleen","Trp53bp1"
"190","Sg1","6",13,0.0420711974110032,"SRR2104740","spleen","Trp53bp1"
"191","Sg1","7",14,0.0453074433656958,"SRR2104740","spleen","Trp53bp1"
"192","Sg1","8",1,0.00323624595469256,"SRR2104740","spleen","Trp53bp1"
"193","Sa","1",3,0.272727272727273,"SRR2104741","spleen","Trp53bp1"
"194","Sa","3",4,0.363636363636364,"SRR2104741","spleen","Trp53bp1"
"195","Sa","5",2,0.181818181818182,"SRR2104741","spleen","Trp53bp1"
"196","Sa","6",1,0.0909090909090909,"SRR2104741","spleen","Trp53bp1"
"197","Se","0",27,0.12,"SRR2104741","spleen","Trp53bp1"
"198","Se","1",22,0.0977777777777778,"SRR2104741","spleen","Trp53bp1"
"199","Se","2",57,0.253333333333333,"SRR2104741","spleen","Trp53bp1"
"200","Se","3",56,0.248888888888889,"SRR2104741","spleen","Trp53bp1"
"201","Se","4",35,0.155555555555556,"SRR2104741","spleen","Trp53bp1"
"202","Se","5",18,0.08,"SRR2104741","spleen","Trp53bp1"
"203","Se","6",4,0.0177777777777778,"SRR2104741","spleen","Trp53bp1"
"204","Se","7",2,0.00888888888888889,"SRR2104741","spleen","Trp53bp1"
"205","Se","8",1,0.00444444444444444,"SRR2104741","spleen","Trp53bp1"
"206","Sg1","0",85,0.119549929676512,"SRR2104741","spleen","Trp53bp1"
"207","Sg1","1",119,0.167369901547117,"SRR2104741","spleen","Trp53bp1"
"208","Sg1","2",149,0.209563994374121,"SRR2104741","spleen","Trp53bp1"
"209","Sg1","3",126,0.177215189873418,"SRR2104741","spleen","Trp53bp1"
"210","Sg1","4",83,0.116736990154712,"SRR2104741","spleen","Trp53bp1"
"211","Sg1","5",61,0.0857946554149086,"SRR2104741","spleen","Trp53bp1"
"212","Sg1","6",31,0.0436005625879044,"SRR2104741","spleen","Trp53bp1"
"213","Sg1","7",39,0.0548523206751055,"SRR2104741","spleen","Trp53bp1"
"214","Sg1","8",5,0.0070323488045007,"SRR2104741","spleen","Trp53bp1"
"215","Sa","1",1,0.142857142857143,"SRR2104742","spleen","Trp53bp1"
"216","Sa","3",1,0.142857142857143,"SRR2104742","spleen","Trp53bp1"
"217","Sa","4",1,0.142857142857143,"SRR2104742","spleen","Trp53bp1"
"218","Sa","5",1,0.142857142857143,"SRR2104742","spleen","Trp53bp1"
"219","Se","0",33,0.139240506329114,"SRR2104742","spleen","Trp53bp1"
"220","Se","1",32,0.135021097046413,"SRR2104742","spleen","Trp53bp1"
"221","Se","2",53,0.223628691983122,"SRR2104742","spleen","Trp53bp1"
"222","Se","3",51,0.215189873417722,"SRR2104742","spleen","Trp53bp1"
"223","Se","4",34,0.143459915611814,"SRR2104742","spleen","Trp53bp1"
"224","Se","5",26,0.109704641350211,"SRR2104742","spleen","Trp53bp1"
"225","Se","6",4,0.0168776371308017,"SRR2104742","spleen","Trp53bp1"
"226","Se","9",1,0.00421940928270042,"SRR2104742","spleen","Trp53bp1"
"227","Sg1","0",102,0.131105398457584,"SRR2104742","spleen","Trp53bp1"
"228","Sg1","1",118,0.151670951156812,"SRR2104742","spleen","Trp53bp1"
"229","Sg1","2",175,0.224935732647815,"SRR2104742","spleen","Trp53bp1"
"230","Sg1","3",139,0.17866323907455,"SRR2104742","spleen","Trp53bp1"
"231","Sg1","4",100,0.12853470437018,"SRR2104742","spleen","Trp53bp1"
"232","Sg1","5",46,0.0591259640102828,"SRR2104742","spleen","Trp53bp1"
"233","Sg1","6",41,0.0526992287917738,"SRR2104742","spleen","Trp53bp1"
"234","Sg1","7",37,0.0475578406169666,"SRR2104742","spleen","Trp53bp1"
"235","Sg1","8",4,0.0051413881748072,"SRR2104742","spleen","Trp53bp1"
"236","Sa","1",2,0.166666666666667,"SRR2104743","spleen","Trp53bp1"
"237","Sa","2",1,0.0833333333333333,"SRR2104743","spleen","Trp53bp1"
"238","Sa","3",3,0.25,"SRR2104743","spleen","Trp53bp1"
"239","Sa","4",4,0.333333333333333,"SRR2104743","spleen","Trp53bp1"
"240","Se","0",34,0.0963172804532578,"SRR2104743","spleen","Trp53bp1"
"241","Se","1",35,0.0991501416430595,"SRR2104743","spleen","Trp53bp1"
"242","Se","2",99,0.280453257790368,"SRR2104743","spleen","Trp53bp1"
"243","Se","3",63,0.178470254957507,"SRR2104743","spleen","Trp53bp1"
"244","Se","4",59,0.1671388101983,"SRR2104743","spleen","Trp53bp1"
"245","Se","5",29,0.0821529745042493,"SRR2104743","spleen","Trp53bp1"
"246","Se","6",19,0.0538243626062323,"SRR2104743","spleen","Trp53bp1"
"247","Se","7",2,0.0056657223796034,"SRR2104743","spleen","Trp53bp1"
"248","Se","8",1,0.0028328611898017,"SRR2104743","spleen","Trp53bp1"
"249","Sg1","0",364,0.120609675281643,"SRR2104743","spleen","Trp53bp1"
"250","Sg1","1",370,0.12259774685222,"SRR2104743","spleen","Trp53bp1"
"251","Sg1","2",634,0.210072895957588,"SRR2104743","spleen","Trp53bp1"
"252","Sg1","3",546,0.180914512922465,"SRR2104743","spleen","Trp53bp1"
"253","Sg1","4",388,0.12856196156395,"SRR2104743","spleen","Trp53bp1"
"254","Sg1","5",268,0.0888005301524188,"SRR2104743","spleen","Trp53bp1"
"255","Sg1","6",121,0.0400927766732936,"SRR2104743","spleen","Trp53bp1"
"256","Sg1","7",151,0.0500331345261763,"SRR2104743","spleen","Trp53bp1"
"257","Sg1","8",20,0.00662690523525514,"SRR2104743","spleen","Trp53bp1"
"258","Sg1","9",8,0.00265076209410205,"SRR2104743","spleen","Trp53bp1"
"259","Sa","0",1,0.0416666666666667,"SRR2104744","spleen","Trp53bp1"
"260","Sa","1",8,0.333333333333333,"SRR2104744","spleen","Trp53bp1"
"261","Sa","2",3,0.125,"SRR2104744","spleen","Trp53bp1"
"262","Sa","3",6,0.25,"SRR2104744","spleen","Trp53bp1"
"263","Sa","4",4,0.166666666666667,"SRR2104744","spleen","Trp53bp1"
"264","Sa","6",1,0.0416666666666667,"SRR2104744","spleen","Trp53bp1"
"265","Sa","7",1,0.0416666666666667,"SRR2104744","spleen","Trp53bp1"
"266","Se","0",21,0.0867768595041322,"SRR2104744","spleen","Trp53bp1"
"267","Se","1",33,0.136363636363636,"SRR2104744","spleen","Trp53bp1"
"268","Se","2",53,0.21900826446281,"SRR2104744","spleen","Trp53bp1"
"269","Se","3",52,0.214876033057851,"SRR2104744","spleen","Trp53bp1"
"270","Se","4",44,0.181818181818182,"SRR2104744","spleen","Trp53bp1"
"271","Se","5",16,0.0661157024793388,"SRR2104744","spleen","Trp53bp1"
"272","Se","6",14,0.0578512396694215,"SRR2104744","spleen","Trp53bp1"
"273","Se","7",4,0.0165289256198347,"SRR2104744","spleen","Trp53bp1"
"274","Sg1","0",384,0.116540212443096,"SRR2104744","spleen","Trp53bp1"
"275","Sg1","1",457,0.138694992412747,"SRR2104744","spleen","Trp53bp1"
"276","Sg1","2",668,0.202731411229135,"SRR2104744","spleen","Trp53bp1"
"277","Sg1","3",590,0.179059180576631,"SRR2104744","spleen","Trp53bp1"
"278","Sg1","4",446,0.13535660091047,"SRR2104744","spleen","Trp53bp1"
"279","Sg1","5",263,0.0798179059180577,"SRR2104744","spleen","Trp53bp1"
"280","Sg1","6",159,0.0482549317147193,"SRR2104744","spleen","Trp53bp1"
"281","Sg1","7",123,0.0373292867981791,"SRR2104744","spleen","Trp53bp1"
"282","Sg1","8",17,0.00515933232169954,"SRR2104744","spleen","Trp53bp1"
"283","Sg1","9",3,0.000910470409711684,"SRR2104744","spleen","Trp53bp1"
"284","Sa","0",184,0.218009478672986,"SRR6293456","CH12","WT"
"285","Sa","1",163,0.193127962085308,"SRR6293456","CH12","WT"
"286","Sa","2",183,0.216824644549763,"SRR6293456","CH12","WT"
"287","Sa","3",153,0.181279620853081,"SRR6293456","CH12","WT"
"288","Sa","4",101,0.119668246445498,"SRR6293456","CH12","WT"
"289","Sa","5",45,0.0533175355450237,"SRR6293456","CH12","WT"
"290","Sa","6",3,0.00355450236966825,"SRR6293456","CH12","WT"
"291","Sa","7",1,0.00118483412322275,"SRR6293456","CH12","WT"
"292","Sa","8",1,0.00118483412322275,"SRR6293456","CH12","WT"
"293","Sa","0",272,0.203136669156087,"SRR6293457","CH12","WT"
"294","Sa","1",278,0.207617625093353,"SRR6293457","CH12","WT"
"295","Sa","2",303,0.226288274831964,"SRR6293457","CH12","WT"
"296","Sa","3",230,0.17176997759522,"SRR6293457","CH12","WT"
"297","Sa","4",156,0.116504854368932,"SRR6293457","CH12","WT"
"298","Sa","5",68,0.0507841672890217,"SRR6293457","CH12","WT"
"299","Sa","6",5,0.00373412994772218,"SRR6293457","CH12","WT"
"300","Sa","8",2,0.00149365197908887,"SRR6293457","CH12","WT"
"301","Sa","0",154,0.217514124293785,"SRR6293458","CH12","WT"
"302","Sa","1",142,0.200564971751412,"SRR6293458","CH12","WT"
"303","Sa","2",173,0.244350282485876,"SRR6293458","CH12","WT"
"304","Sa","3",121,0.17090395480226,"SRR6293458","CH12","WT"
"305","Sa","4",71,0.100282485875706,"SRR6293458","CH12","WT"
"306","Sa","5",35,0.0494350282485876,"SRR6293458","CH12","WT"
"307","Sa","6",5,0.00706214689265537,"SRR6293458","CH12","WT"
"308","Sa","0",539,0.213888888888889,"SRR6293459","CH12","WT"
"309","Sa","1",561,0.222619047619048,"SRR6293459","CH12","WT"
"310","Sa","2",515,0.204365079365079,"SRR6293459","CH12","WT"
"311","Sa","3",463,0.183730158730159,"SRR6293459","CH12","WT"
"312","Sa","4",293,0.116269841269841,"SRR6293459","CH12","WT"
"313","Sa","5",102,0.0404761904761905,"SRR6293459","CH12","WT"
"314","Sa","6",14,0.00555555555555556,"SRR6293459","CH12","WT"
"315","Sa","7",5,0.00198412698412698,"SRR6293459","CH12","WT"
"316","Se","0",1,1,"SRR6293459","CH12","WT"
"317","Sg1","0",3,0.6,"SRR6293459","CH12","WT"
"318","Sg1","5",2,0.4,"SRR6293459","CH12","WT"
"319","Sa","0",397,0.25,"SRR6293460","CH12","WT"
"320","Sa","1",303,0.19080604534005,"SRR6293460","CH12","WT"
"321","Sa","2",313,0.197103274559194,"SRR6293460","CH12","WT"
"322","Sa","3",278,0.175062972292191,"SRR6293460","CH12","WT"
"323","Sa","4",173,0.108942065491184,"SRR6293460","CH12","WT"
"324","Sa","5",84,0.052896725440806,"SRR6293460","CH12","WT"
"325","Sa","6",6,0.00377833753148615,"SRR6293460","CH12","WT"
"326","Sa","7",1,0.000629722921914358,"SRR6293460","CH12","WT"
"327","Sg1","0",2,1,"SRR6293460","CH12","WT"
"328","Sa","0",766,0.197473575663831,"SRR6293461","CH12","WT"
"329","Sa","1",862,0.222222222222222,"SRR6293461","CH12","WT"
"330","Sa","2",805,0.207527713328177,"SRR6293461","CH12","WT"
"331","Sa","3",721,0.185872647589585,"SRR6293461","CH12","WT"
"332","Sa","4",411,0.105955143078113,"SRR6293461","CH12","WT"
"333","Sa","5",202,0.0520752771332818,"SRR6293461","CH12","WT"
"334","Sa","6",24,0.00618716163959783,"SRR6293461","CH12","WT"
"335","Sa","7",26,0.00670275844289765,"SRR6293461","CH12","WT"
"336","Sg1","1",3,0.375,"SRR6293461","CH12","WT"
"337","Sg1","2",2,0.25,"SRR6293461","CH12","WT"
"338","Sg1","4",3,0.375,"SRR6293461","CH12","WT"
"339","Sa","0",81,0.124233128834356,"SRR6293462","CH12","Atm"
"340","Sa","1",73,0.111963190184049,"SRR6293462","CH12","Atm"
"341","Sa","2",163,0.25,"SRR6293462","CH12","Atm"
"342","Sa","3",148,0.226993865030675,"SRR6293462","CH12","Atm"
"343","Sa","4",104,0.159509202453988,"SRR6293462","CH12","Atm"
"344","Sa","5",56,0.0858895705521472,"SRR6293462","CH12","Atm"
"345","Sa","6",10,0.0153374233128834,"SRR6293462","CH12","Atm"
"346","Sa","7",2,0.00306748466257669,"SRR6293462","CH12","Atm"
"347","Se","0",1,1,"SRR6293462","CH12","Atm"
"348","Sg1","0",3,0.6,"SRR6293462","CH12","Atm"
"349","Sg1","3",2,0.4,"SRR6293462","CH12","Atm"
"350","Sa","0",98,0.15506329113924,"SRR6293463","CH12","Atm"
"351","Sa","1",95,0.150316455696203,"SRR6293463","CH12","Atm"
"352","Sa","2",172,0.272151898734177,"SRR6293463","CH12","Atm"
"353","Sa","3",118,0.186708860759494,"SRR6293463","CH12","Atm"
"354","Sa","4",72,0.113924050632911,"SRR6293463","CH12","Atm"
"355","Sa","5",48,0.0759493670886076,"SRR6293463","CH12","Atm"
"356","Sa","6",15,0.0237341772151899,"SRR6293463","CH12","Atm"
"357","Sa","7",2,0.00316455696202532,"SRR6293463","CH12","Atm"
"358","Sa","8",1,0.00158227848101266,"SRR6293463","CH12","Atm"
"359","Sg1","2",2,0.5,"SRR6293463","CH12","Atm"
"360","Sg1","4",2,0.5,"SRR6293463","CH12","Atm"
"361","Sa","0",106,0.174342105263158,"SRR6293464","CH12","Atm"
"362","Sa","1",104,0.171052631578947,"SRR6293464","CH12","Atm"
"363","Sa","2",145,0.238486842105263,"SRR6293464","CH12","Atm"
"364","Sa","3",128,0.210526315789474,"SRR6293464","CH12","Atm"
"365","Sa","4",61,0.100328947368421,"SRR6293464","CH12","Atm"
"366","Sa","5",44,0.0723684210526316,"SRR6293464","CH12","Atm"
"367","Sa","6",8,0.0131578947368421,"SRR6293464","CH12","Atm"
"368","Sa","7",2,0.00328947368421053,"SRR6293464","CH12","Atm"
"369","Sa","8",1,0.00164473684210526,"SRR6293464","CH12","Atm"
"370","Se","2",1,0.5,"SRR6293464","CH12","Atm"
"371","Se","4",1,0.5,"SRR6293464","CH12","Atm"
"372","Sg1","4",1,0.5,"SRR6293464","CH12","Atm"
"373","Sg1","5",1,0.5,"SRR6293464","CH12","Atm"
"374","Sa","0",32,0.124513618677043,"SRR6293465","CH12","Atm"
"375","Sa","1",32,0.124513618677043,"SRR6293465","CH12","Atm"
"376","Sa","2",79,0.307392996108949,"SRR6293465","CH12","Atm"
"377","Sa","3",42,0.163424124513619,"SRR6293465","CH12","Atm"
"378","Sa","4",46,0.178988326848249,"SRR6293465","CH12","Atm"
"379","Sa","5",16,0.0622568093385214,"SRR6293465","CH12","Atm"
"380","Sa","6",1,0.00389105058365759,"SRR6293465","CH12","Atm"
"381","Sa","7",2,0.00778210116731518,"SRR6293465","CH12","Atm"
"382","Sa","8",2,0.00778210116731518,"SRR6293465","CH12","Atm"
"383","Se","0",1,1,"SRR6293465","CH12","Atm"
"384","Sg1","2",2,1,"SRR6293465","CH12","Atm"
"385","Sa","0",38,0.126666666666667,"SRR6293466","CH12","Atm"
"386","Sa","1",48,0.16,"SRR6293466","CH12","Atm"
"387","Sa","2",77,0.256666666666667,"SRR6293466","CH12","Atm"
"388","Sa","3",55,0.183333333333333,"SRR6293466","CH12","Atm"
"389","Sa","4",48,0.16,"SRR6293466","CH12","Atm"
"390","Sa","5",18,0.06,"SRR6293466","CH12","Atm"
"391","Sa","6",7,0.0233333333333333,"SRR6293466","CH12","Atm"
"392","Sa","7",2,0.00666666666666667,"SRR6293466","CH12","Atm"
"393","Sg1","2",2,1,"SRR6293466","CH12","Atm"
"394","Sa","0",25,0.0868055555555556,"SRR6293467","CH12","Atm"
"395","Sa","1",47,0.163194444444444,"SRR6293467","CH12","Atm"
"396","Sa","2",57,0.197916666666667,"SRR6293467","CH12","Atm"
"397","Sa","3",61,0.211805555555556,"SRR6293467","CH12","Atm"
"398","Sa","4",48,0.166666666666667,"SRR6293467","CH12","Atm"
"399","Sa","5",34,0.118055555555556,"SRR6293467","CH12","Atm"
"400","Sa","6",7,0.0243055555555556,"SRR6293467","CH12","Atm"
"401","Sa","7",4,0.0138888888888889,"SRR6293467","CH12","Atm"
"402","Se","1",1,1,"SRR6293467","CH12","Atm"
"403","Sg1","4",2,1,"SRR6293467","CH12","Atm"
"404","Sa","0",43,0.0959821428571429,"SRR6293468","CH12","Trp53bp1"
"405","Sa","1",65,0.145089285714286,"SRR6293468","CH12","Trp53bp1"
"406","Sa","2",104,0.232142857142857,"SRR6293468","CH12","Trp53bp1"
"407","Sa","3",77,0.171875,"SRR6293468","CH12","Trp53bp1"
"408","Sa","4",79,0.176339285714286,"SRR6293468","CH12","Trp53bp1"
"409","Sa","5",42,0.09375,"SRR6293468","CH12","Trp53bp1"
"410","Sa","6",20,0.0446428571428571,"SRR6293468","CH12","Trp53bp1"
"411","Sa","7",6,0.0133928571428571,"SRR6293468","CH12","Trp53bp1"
"412","Sa","10",1,0.00223214285714286,"SRR6293468","CH12","Trp53bp1"
"413","Se","3",1,0.5,"SRR6293468","CH12","Trp53bp1"
"414","Se","4",1,0.5,"SRR6293468","CH12","Trp53bp1"
"415","Sa","0",82,0.0966981132075472,"SRR6293469","CH12","Trp53bp1"
"416","Sa","1",112,0.132075471698113,"SRR6293469","CH12","Trp53bp1"
"417","Sa","2",173,0.204009433962264,"SRR6293469","CH12","Trp53bp1"
"418","Sa","3",174,0.205188679245283,"SRR6293469","CH12","Trp53bp1"
"419","Sa","4",160,0.188679245283019,"SRR6293469","CH12","Trp53bp1"
"420","Sa","5",101,0.119103773584906,"SRR6293469","CH12","Trp53bp1"
"421","Sa","6",20,0.0235849056603774,"SRR6293469","CH12","Trp53bp1"
"422","Sa","7",6,0.00707547169811321,"SRR6293469","CH12","Trp53bp1"
"423","Sa","8",2,0.00235849056603774,"SRR6293469","CH12","Trp53bp1"
"424","Se","2",1,1,"SRR6293469","CH12","Trp53bp1"
"425","Sa","0",31,0.100323624595469,"SRR6293470","CH12","Trp53bp1"
"426","Sa","1",48,0.155339805825243,"SRR6293470","CH12","Trp53bp1"
"427","Sa","2",72,0.233009708737864,"SRR6293470","CH12","Trp53bp1"
"428","Sa","3",65,0.210355987055016,"SRR6293470","CH12","Trp53bp1"
"429","Sa","4",41,0.132686084142395,"SRR6293470","CH12","Trp53bp1"
"430","Sa","5",36,0.116504854368932,"SRR6293470","CH12","Trp53bp1"
"431","Sa","6",5,0.0161812297734628,"SRR6293470","CH12","Trp53bp1"
"432","Sa","7",3,0.00970873786407767,"SRR6293470","CH12","Trp53bp1"
"433","Se","1",1,1,"SRR6293470","CH12","Trp53bp1"
"434","Sg1","2",1,1,"SRR6293470","CH12","Trp53bp1"
"435","Sa","0",32,0.096969696969697,"SRR6293471","CH12","Trp53bp1"
"436","Sa","1",44,0.133333333333333,"SRR6293471","CH12","Trp53bp1"
"437","Sa","2",86,0.260606060606061,"SRR6293471","CH12","Trp53bp1"
"438","Sa","3",59,0.178787878787879,"SRR6293471","CH12","Trp53bp1"
"439","Sa","4",53,0.160606060606061,"SRR6293471","CH12","Trp53bp1"
"440","Sa","5",26,0.0787878787878788,"SRR6293471","CH12","Trp53bp1"
"441","Sa","6",9,0.0272727272727273,"SRR6293471","CH12","Trp53bp1"
"442","Sa","7",4,0.0121212121212121,"SRR6293471","CH12","Trp53bp1"
"443","Sa","8",1,0.00303030303030303,"SRR6293471","CH12","Trp53bp1"
"444","Sa","9",1,0.00303030303030303,"SRR6293471","CH12","Trp53bp1"
"445","Se","1",1,1,"SRR6293471","CH12","Trp53bp1"
"446","Sg1","0",1,1,"SRR6293471","CH12","Trp53bp1"
"447","Sa","0",43,0.129129129129129,"SRR6293472","CH12","Trp53bp1"
"448","Sa","1",46,0.138138138138138,"SRR6293472","CH12","Trp53bp1"
"449","Sa","2",75,0.225225225225225,"SRR6293472","CH12","Trp53bp1"
"450","Sa","3",58,0.174174174174174,"SRR6293472","CH12","Trp53bp1"
"451","Sa","4",60,0.18018018018018,"SRR6293472","CH12","Trp53bp1"
"452","Sa","5",30,0.0900900900900901,"SRR6293472","CH12","Trp53bp1"
"453","Sa","6",7,0.021021021021021,"SRR6293472","CH12","Trp53bp1"
"454","Sa","7",3,0.00900900900900901,"SRR6293472","CH12","Trp53bp1"
"455","Sa","9",1,0.003003003003003,"SRR6293472","CH12","Trp53bp1"
"456","Se","4",1,1,"SRR6293472","CH12","Trp53bp1"
"457","Sg1","3",1,0.5,"SRR6293472","CH12","Trp53bp1"
"458","Sg1","4",1,0.5,"SRR6293472","CH12","Trp53bp1"
"459","Sa","0",70,0.11844331641286,"SRR6293473","CH12","Trp53bp1"
"460","Sa","1",88,0.148900169204738,"SRR6293473","CH12","Trp53bp1"
"461","Sa","2",140,0.236886632825719,"SRR6293473","CH12","Trp53bp1"
"462","Sa","3",129,0.218274111675127,"SRR6293473","CH12","Trp53bp1"
"463","Sa","4",95,0.160744500846024,"SRR6293473","CH12","Trp53bp1"
"464","Sa","5",39,0.065989847715736,"SRR6293473","CH12","Trp53bp1"
"465","Sa","6",11,0.0186125211505922,"SRR6293473","CH12","Trp53bp1"
"466","Sa","7",4,0.00676818950930626,"SRR6293473","CH12","Trp53bp1"
"467","Se","0",1,0.25,"SRR6293473","CH12","Trp53bp1"
"468","Se","1",1,0.25,"SRR6293473","CH12","Trp53bp1"
"469","Se","3",2,0.5,"SRR6293473","CH12","Trp53bp1"
"470","Sg1","0",3,0.375,"SRR6293473","CH12","Trp53bp1"
"471","Sg1","3",3,0.375,"SRR6293473","CH12","Trp53bp1"
"472","Sg1","5",2,0.25,"SRR6293473","CH12","Trp53bp1"
"473","Sa","0",32,0.0820512820512821,"SRR6293474","CH12","Lig4"
"474","Sa","1",46,0.117948717948718,"SRR6293474","CH12","Lig4"
"475","Sa","2",112,0.287179487179487,"SRR6293474","CH12","Lig4"
"476","Sa","3",93,0.238461538461538,"SRR6293474","CH12","Lig4"
"477","Sa","4",55,0.141025641025641,"SRR6293474","CH12","Lig4"
"478","Sa","5",22,0.0564102564102564,"SRR6293474","CH12","Lig4"
"479","Sa","6",5,0.0128205128205128,"SRR6293474","CH12","Lig4"
"480","Sa","7",3,0.00769230769230769,"SRR6293474","CH12","Lig4"
"481","Sa","8",1,0.00256410256410256,"SRR6293474","CH12","Lig4"
"482","Se","4",1,1,"SRR6293474","CH12","Lig4"
"483","Sa","0",28,0.0742705570291777,"SRR6293475","CH12","Lig4"
"484","Sa","1",39,0.103448275862069,"SRR6293475","CH12","Lig4"
"485","Sa","2",118,0.312997347480106,"SRR6293475","CH12","Lig4"
"486","Sa","3",84,0.222811671087533,"SRR6293475","CH12","Lig4"
"487","Sa","4",48,0.127320954907162,"SRR6293475","CH12","Lig4"
"488","Sa","5",34,0.0901856763925729,"SRR6293475","CH12","Lig4"
"489","Sa","6",5,0.013262599469496,"SRR6293475","CH12","Lig4"
"490","Sa","7",3,0.00795755968169761,"SRR6293475","CH12","Lig4"
"491","Se","2",2,0.5,"SRR6293475","CH12","Lig4"
"492","Se","3",2,0.5,"SRR6293475","CH12","Lig4"
"493","Sg1","2",1,1,"SRR6293475","CH12","Lig4"
"494","Sa","0",14,0.0619469026548673,"SRR6293476","CH12","Lig4"
"495","Sa","1",22,0.0973451327433628,"SRR6293476","CH12","Lig4"
"496","Sa","2",69,0.305309734513274,"SRR6293476","CH12","Lig4"
"497","Sa","3",51,0.225663716814159,"SRR6293476","CH12","Lig4"
"498","Sa","4",40,0.176991150442478,"SRR6293476","CH12","Lig4"
"499","Sa","5",15,0.0663716814159292,"SRR6293476","CH12","Lig4"
"500","Sa","6",2,0.00884955752212389,"SRR6293476","CH12","Lig4"
"501","Sa","8",1,0.00442477876106195,"SRR6293476","CH12","Lig4"
"502","Se","3",1,1,"SRR6293476","CH12","Lig4"
"503","Sa","0",500,0.11671335200747,"SRR6293477","CH12","Lig4"
"504","Sa","1",664,0.15499533146592,"SRR6293477","CH12","Lig4"
"505","Sa","2",926,0.216153127917834,"SRR6293477","CH12","Lig4"
"506","Sa","3",953,0.222455648926237,"SRR6293477","CH12","Lig4"
"507","Sa","4",634,0.147992530345472,"SRR6293477","CH12","Lig4"
"508","Sa","5",406,0.0947712418300654,"SRR6293477","CH12","Lig4"
"509","Sa","6",58,0.0135387488328665,"SRR6293477","CH12","Lig4"
"510","Sa","7",20,0.00466853408029879,"SRR6293477","CH12","Lig4"
"511","Sa","8",5,0.0011671335200747,"SRR6293477","CH12","Lig4"
"512","Sa","9",1,0.000233426704014939,"SRR6293477","CH12","Lig4"
"513","Sa","10",1,0.000233426704014939,"SRR6293477","CH12","Lig4"
"514","Se","1",1,0.0714285714285714,"SRR6293477","CH12","Lig4"
"515","Se","2",3,0.214285714285714,"SRR6293477","CH12","Lig4"
"516","Se","3",1,0.0714285714285714,"SRR6293477","CH12","Lig4"
"517","Se","4",3,0.214285714285714,"SRR6293477","CH12","Lig4"
"518","Se","5",3,0.214285714285714,"SRR6293477","CH12","Lig4"
"519","Sg1","0",4,0.235294117647059,"SRR6293477","CH12","Lig4"
"520","Sg1","2",1,0.0588235294117647,"SRR6293477","CH12","Lig4"
"521","Sg1","3",1,0.0588235294117647,"SRR6293477","CH12","Lig4"
"522","Sg1","4",7,0.411764705882353,"SRR6293477","CH12","Lig4"
"523","Sg1","5",2,0.117647058823529,"SRR6293477","CH12","Lig4"
"524","Sg1","6",2,0.117647058823529,"SRR6293477","CH12","Lig4"
"525","Sa","0",654,0.0997255260750229,"SRR6293478","CH12","Lig4"
"526","Sa","1",950,0.144861238182373,"SRR6293478","CH12","Lig4"
"527","Sa","2",1538,0.234522720341568,"SRR6293478","CH12","Lig4"
"528","Sa","3",1480,0.225678560536749,"SRR6293478","CH12","Lig4"
"529","Sa","4",978,0.149130832570906,"SRR6293478","CH12","Lig4"
"530","Sa","5",622,0.0948459896309851,"SRR6293478","CH12","Lig4"
"531","Sa","6",148,0.0225678560536749,"SRR6293478","CH12","Lig4"
"532","Sa","7",37,0.00564196401341873,"SRR6293478","CH12","Lig4"
"533","Sa","8",3,0.000457456541628545,"SRR6293478","CH12","Lig4"
"534","Se","1",5,0.208333333333333,"SRR6293478","CH12","Lig4"
"535","Se","3",5,0.208333333333333,"SRR6293478","CH12","Lig4"
"536","Se","4",9,0.375,"SRR6293478","CH12","Lig4"
"537","Se","6",5,0.208333333333333,"SRR6293478","CH12","Lig4"
"538","Sg1","0",12,0.315789473684211,"SRR6293478","CH12","Lig4"
"539","Sg1","1",7,0.184210526315789,"SRR6293478","CH12","Lig4"
"540","Sg1","2",7,0.184210526315789,"SRR6293478","CH12","Lig4"
"541","Sg1","3",4,0.105263157894737,"SRR6293478","CH12","Lig4"
"542","Sg1","4",2,0.0526315789473684,"SRR6293478","CH12","Lig4"
"543","Sg1","5",3,0.0789473684210526,"SRR6293478","CH12","Lig4"
"544","Sg1","6",1,0.0263157894736842,"SRR6293478","CH12","Lig4"
"545","Sa","0",619,0.102314049586777,"SRR6293479","CH12","Lig4"
"546","Sa","1",798,0.131900826446281,"SRR6293479","CH12","Lig4"
"547","Sa","2",1459,0.241157024793388,"SRR6293479","CH12","Lig4"
"548","Sa","3",1322,0.218512396694215,"SRR6293479","CH12","Lig4"
"549","Sa","4",988,0.163305785123967,"SRR6293479","CH12","Lig4"
"550","Sa","5",526,0.0869421487603306,"SRR6293479","CH12","Lig4"
"551","Sa","6",92,0.0152066115702479,"SRR6293479","CH12","Lig4"
"552","Sa","7",76,0.0125619834710744,"SRR6293479","CH12","Lig4"
"553","Sa","8",26,0.00429752066115702,"SRR6293479","CH12","Lig4"
"554","Sa","10",3,0.000495867768595041,"SRR6293479","CH12","Lig4"
"555","Se","0",4,0.121212121212121,"SRR6293479","CH12","Lig4"
"556","Se","1",2,0.0606060606060606,"SRR6293479","CH12","Lig4"
"557","Se","2",15,0.454545454545455,"SRR6293479","CH12","Lig4"
"558","Se","3",11,0.333333333333333,"SRR6293479","CH12","Lig4"
"559","Se","5",1,0.0303030303030303,"SRR6293479","CH12","Lig4"
"560","Sg1","0",2,0.0666666666666667,"SRR6293479","CH12","Lig4"
"561","Sg1","2",16,0.533333333333333,"SRR6293479","CH12","Lig4"
"562","Sg1","3",1,0.0333333333333333,"SRR6293479","CH12","Lig4"
"563","Sg1","4",5,0.166666666666667,"SRR6293479","CH12","Lig4"
"564","Sg1","5",4,0.133333333333333,"SRR6293479","CH12","Lig4"
"565","Sg1","6",2,0.0666666666666667,"SRR6293479","CH12","Lig4"
