"","genotype","celltype","sample","nclusters_final_downsampled","nclusters_eff_downsampled","mean_cluster_size_downsampled","std_cluster_size_downsampled","cluster_gini_downsampled","cluster_entropy_downsampled","cluster_inverse_simpson_downsampled","top_clone_occupancy_downsampled","big_clones_occupancy_downsampled","alpha_ratio_clusters","frac_clusters_Sa","frac_clusters_Sg1","insert_frequency","frac_breaks_inversions","frac_breaks_duplications","median_duplication_size","median_inversion_size","homology_fw","homology_rv","donor_score_S","donor_score_W","donor_score_WGCW","donor_score_GAGCT","donor_score_GGGST","donor_complexity","acceptor_score_S","acceptor_score_W","acceptor_score_WGCW","acceptor_score_GAGCT","acceptor_score_GGGST","acceptor_complexity","n_homology_switch","n_untemplated_switch","frac_blunt","mean_length","std_length","mean_GC","std_GC","mean_length_SA","mean_length_SG","std_length_SA","std_length_SG","frac_breaks_single","frac_breaks_sequential","frac_breaks_intra","mean_intra_break_size","std_intra_break_size","spread_SM","spread_SA","spread_SG","spread_SG1","frac_breaks_SM_SM","frac_breaks_SM_SG","frac_breaks_SG_SG","frac_breaks_SM_SA","frac_breaks_SG_SA","frac_breaks_SA_SA","homology_fw_SM_SA","homology_rv_SM_SA","homology_fw_SM_SG","homology_rv_SM_SG","donor_score_GAGCT_SM_SG","donor_score_GGGST_SM_SA","donor_score_GGGST_SM_SG","donor_score_S_SM_SA","donor_score_S_SM_SG","donor_score_W_SM_SA","donor_score_W_SM_SG","donor_score_WGCW_SM_SA","donor_score_WGCW_SM_SG","donor_score_GAGCT_SM_SA","donor_complexity_SM_SG","donor_complexity_SM_SA","acceptor_score_GAGCT_SM_SA","acceptor_score_GAGCT_SM_SG","acceptor_score_GGGST_SM_SA","acceptor_score_GGGST_SM_SG","acceptor_score_S_SM_SA","acceptor_score_WGCW_SM_SG","acceptor_score_S_SM_SG","acceptor_score_W_SM_SA","acceptor_score_W_SM_SG","acceptor_score_WGCW_SM_SA","acceptor_complexity_SM_SA","acceptor_complexity_SM_SG","n_homology_switch_SA","n_homology_switch_SG","n_untemplated_switch_SA","n_untemplated_switch_SG","frac_blunt_SA","frac_blunt_SG","nclusters_final","nclusters_eff","mean_cluster_size","std_cluster_size","cluster_gini","cluster_entropy","cluster_inverse_simpson","top_clone_occupancy","big_clones_occupancy"
"1","WT","spleen","SRR2104731",892.2,760.991065097809,0.0011208417616026,0.0002743337529906,0.056455070962025,0.996580639092098,841.736916417737,0.0034773445732349,0,0,0,0.741390106449593,0,0.0413363533408833,0.0005662514156285,25,52,0.131158907907189,0.0544014688206203,0.0019868615262064,0.001931266766716,0.0025255817457006,0.0002564788795218,0,0.002127787104889,0.0022278691607486,0.0016584632917501,0.00173104111621,0.0040813595610865,0.0001444707118465,0.0020506022160381,2.06664547573638,1.04799745708837,0.154038822792736,134.388227927364,35.2917644837837,0.583432753219256,0.0305560072566725,0,136.824324324324,0,33.0337595982067,0.923167848699764,0,0.0768321513002364,103.953846153846,422.072065693826,145.429708949851,0,1032.19011300893,1032.19011300893,0.008274231678487,0.699172576832151,0.0620567375886525,0,0,0,0,0,0.0739128457220219,0.06349382868405,0,0,0,0.0125412854780272,0.0125412854780272,0.0124532567402292,0.0124532567402292,0.0094026548672566,0.0094026548672566,0,0.0159140400294312,0.0159140400294312,0,0.0078892005610098,0,0.0001848565513161,0,0.0038740108908363,0.0048564877717391,0,0.0033782996894409,0,0,0.0041536890554307,0,2.14353448275862,0,1.3573275862069,0,0.136824324324324,1597,1628.09830255489,0.0006261740763932,0.0002005086608292,0.0913593269069572,0.994627759517239,1448.5632183908,0.0022535211267605,0
"2","WT","spleen","SRR2104732",906.8,777.387765323483,0.0011028738483758,0.0002322837982224,0.0425259500926792,0.997457435999716,868.095853416957,0.0031612223393045,0,0.0003577817531305,0.0003577817531305,0.76994633273703,0.0003577817531305,0.0335592126492417,0,0,48,0.137025114447527,0.0529969191250164,0.0019731780852964,0.0019467554471341,0.0023413205014894,0.0003527892399281,0,0.0021362333000851,0.0022094829985372,0.0016792751176995,0.0017091394153654,0.0040696758748858,0.000148395473938,0.002061402420738,1.930900243309,1.17709854014599,0.156708407871198,140.169230769231,39.1156852810681,0.578033221075028,0.0344682091058214,109,141.753252788104,0,37.7330304631417,0.912520868113522,0,0.0874791318864775,96.469465648855,292.127777488945,80.5305328151129,0,1156.09991031888,1156.09991031888,0.0063439065108514,0.719532554257095,0.076126878130217,0.0003338898163606,0,0,0.0128205128205128,0,0.0699423653742322,0.0608152792499258,0.0002422480620155,0,0,0.0124465206608855,0.0124465206608855,0.0125605491024941,0.0125605491024941,0.0086839498868079,0.0086839498868079,0.0002422480620155,0.0159793276924648,0.0159793276924648,0,0.0079731430969366,0,0.0003397078512479,0.0093808630393996,0.004064176041481,0.00479496695342,0.0071377587437544,0.0034486091960913,0.0220994475138121,0.0057867794346761,0.0041590672370936,1,1.97895823407972,0,1.48880419247261,0,0.143587360594795,2795,2817.2272809874,0.0003577817531305,0.0001333797265312,0.120451054649807,0.993244595854584,2454.06339181287,0.001852423587527,0
"3","WT","spleen","SRR2104733",921.3,783.060962243087,0.0010854489099632,0.0001881717853302,0.0283612023133726,0.998305902743464,894.252874615973,0.0029504741833508,0,0,0,0.646336471551371,0,0.0346304891110317,0,0,55,0.151996621840948,0.0494197838126156,0.0019709388743716,0.0019492900743986,0.0023675890474533,0.000341911354248,0,0.0021267286675668,0.0021578851103387,0.0017376802517451,0.0019066705824341,0.0037331137657697,0.0002218934911242,0.0020305323818751,1.89931278633903,0.957101207830071,0.165779778960295,157.504297994269,56.9456251008064,0.567838955573245,0.0364698345715892,0,152.659278024066,0,50.6573301621996,0.887204142011834,0.0007396449704142,0.112056213017751,109.663366336634,471.393460146124,147.039150436349,0,1341.04856040834,1341.04856040834,0.0173816568047337,0.593195266272189,0.0787721893491124,0,0,0,0,0,0.0688101757795335,0.0597296610611818,0.0002725538293813,0,0,0.0124448925414181,0.0124448925414181,0.0125623924531065,0.0125623924531065,0.008820613752632,0.008820613752632,0.0002725538293813,0.0159403585978362,0.0159403585978362,0,0.0080068173344932,0,0.0003931126660901,0,0.0041974201038894,0.004733592460099,0,0.0035187514741724,0,0,0.0041517044274704,0,1.96725032425422,0,1.32068741893645,0,0.151361621279291,2443,2509.83883403417,0.0004093327875562,0.0001143184386191,0.0685185196688038,0.99619377240378,2266.30658838878,0.0015174506828528,0
"4","WT","spleen","SRR2104734",936.1,802.573990422554,0.0010682778865146,0.0001241037618846,0.0133993663598614,0.999222921524592,923.370415350893,0.0023182297154899,0,0.0002397219225698,0.0002397219225698,0.487953973390867,0.0004794438451396,0.0105369807497467,0.0004052684903748,31.5,64,0.176835399346726,0.0448509352859567,0.0019493716309757,0.0019737026576556,0.0025442542310921,0.0006223593216669,9.10560222176693e-06,0.0021029510239336,0.0021086616627518,0.0017933976881533,0.0020802702355271,0.0031330573305037,0.0002412984588768,0.0020029444640016,1.80097206993716,1.21643145993233,0.163610212153901,223.354428862519,82.4676015433299,0.554039949917551,0.0410774224865964,165,203.884549250798,30,71.0958883117969,0.839889366933006,0.0029707027248514,0.157139930342143,148.123207301173,451.938976129081,201.296279464759,25,1468.82655285653,1468.82655285653,0.0159803318992009,0.43300553165335,0.0939356689203032,0.0002048760499897,0,0,0.0179045092838196,0.0114942528735632,0.0668075743474028,0.059926162338429,0.0030321164971075,0,0,0.012244717407058,0.012244717407058,0.0127890299719662,0.0127890299719662,0.009588874236719,0.009588874236719,0.0030321164971075,0.0158397536828842,0.0158397536828842,0,0.007362163246877,0,0.0003795452862326,0.0092245153220762,0.0041629828074735,0.0047075172531104,0.0073162027123483,0.0035485517107309,0.0165745856353591,0.0062319163142666,0.0041584141987199,1,1.83201227307594,2,2.04922014829967,0,0.139769098501597,8343,8412.14329695094,0.0001198609612849,4.50530185732934e-05,0.109885334359673,0.994225245541551,7310.29741553917,0.0007369196757553,0
"5","WT","spleen","SRR2104735",917.9,786.057256535186,0.0010895072467229,0.0001960525739331,0.0316817478367533,0.998139736430628,888.889418228046,0.002845100105374,0,0,0,0.631121134020619,0.0003221649484536,0.0498330336501412,0.0001284356537374,23,60,0.195472377462353,0.0468690408464983,0.0019401988355571,0.0019840856086774,0.0024743404188767,0.0008264441729308,1.80253255824433e-05,0.002107434242153,0.0021497687077731,0.0017468674413058,0.0018987891222461,0.0034970832132353,0.0002403376744325,0.0020304944512952,1.83151248894783,1.33372844827586,0.154317010309278,224.447970360825,85.5682144782695,0.559553218261756,0.0435791964720264,0,208.287391526289,0,76.9544663555849,0.821684466675679,0.0027037988373665,0.175611734486954,127.407236335643,465.416728322364,201.48252540937,0,1347.72507270609,1347.72507270609,0.0186562119778288,0.53913748817088,0.124645126402596,0,0,0,0,0,0.0656874309310892,0.0589284828154485,0.0047190047190047,0,0,0.0121316837418532,0.0121316837418532,0.0129170062538932,0.0129170062538932,0.0093791642464208,0.0093791642464208,0.0047190047190047,0.0158374882935644,0.0158374882935644,0,0.007601340253597,0,0.0004558238774124,0,0.0042393214853667,0.0047281377291242,0,0.0035249854524294,0,0,0.0041551614808551,0,1.87885802469136,0,1.95541446208113,0,0.138080653394589,6208,6079.82945944304,0.0001610824742268,7.73524790261547e-05,0.179940835842777,0.989833089864636,5044.86205787781,0.0007573844988639,0
"6","Atm","spleen","SRR2104736",893.4,760.055662274616,0.0011193774023473,0.0003534968531744,0.0564349380266918,0.995297050163852,811.361707900052,0.006322444678609,0.0010537407797681,0.0007016559079427,0.0007016559079427,0.736738703339882,0.003087285994948,0.125822193931678,0.0003182686187141,84.5,57,0.175545103400178,0.0444767963420201,0.0018523997818056,0.0020834678834657,0.002044516969104,0.0011132464878905,3.77699540015917e-05,0.0021231161221811,0.0021222240242786,0.0017780460609724,0.0017851956856555,0.0037795405453075,0.0005692471638811,0.0020653406907463,2.32668773285832,1.09637443532679,0.110159977547011,198.456637664889,85.5060845772085,0.548084545914939,0.0453602225064632,190,195.899047619048,124.15957474154,82.1624088477474,0.842539759621221,0.0019424547772247,0.155517785601554,148.206869633099,547.205513199987,189.182690303838,1428.94191624432,1764.79400239939,1764.79400239939,0.0347213791428918,0.642466917567076,0.107927643559548,0.000242806847153,0,0,0.0196078431372549,0.0349009900990099,0.0514177107388786,0.0482110798925601,0.0094104622197619,0.0001107113202324,0.0001107113202324,0.0115660491539497,0.0115660491539497,0.0135574155634385,0.0135574155634385,0.0074711770915744,0.0074711770915744,0.0094104622197619,0.0158899313889691,0.0158899313889691,0.0833333333333333,0.0076561366518623,0,0.0011479110330428,0.008364602876798,0.0044563210723095,0.0046213446448794,0.0082976445396145,0.0036470346915663,0.005524861878453,0.0095148008012463,0.0041564595736347,0.333333333333333,2.34443454737398,0.5,1.35979150171549,0.2,0.103809523809524,7126,6268.65987161848,0.0001403311815885,0.0001435721930467,0.209454692725555,0.977162423254897,3481.91081158589,0.0043388653867013,0
"7","Atm","spleen","SRR2104737",899,763.223227111173,0.0011124112725107,0.0002961958169473,0.0506555154713377,0.996315995488534,839.198107240817,0.0045310853530031,0,0.0005202011444425,0.0005202011444425,0.766429686145309,0.0012138026703658,0.117505674989985,0.0004005875283749,91,54,0.176654601634742,0.0462011431059549,0.0018907041894222,0.0020401100225242,0.0021081547968869,0.0010168000502687,5.38231237595452e-05,0.0021254026619432,0.0021343684654217,0.0017642994186652,0.0017970516998806,0.0039215350253343,0.000585326470885,0.0020667031291208,2.26678936963934,1.01879266249673,0.114270851395873,191.149817929599,83.2567156038171,0.554338950202168,0.0438851378564781,210,187.18778280543,113.375482358401,79.6964406744117,0.847865576748411,0.0007568876778686,0.151377535573721,135.707,502.396720880023,178.152851844883,300,1636.25197704618,1636.25197704618,0.0213442325158946,0.66681804420224,0.117771722676355,0,0.0001513775355737,0,0,0,0.0551465343345469,0.051517994159245,0.0074306281202833,3.4831069313828e-05,3.4831069313828e-05,0.0118319043411581,0.0118319043411581,0.0132564153408209,0.0132564153408209,0.0077383539391473,0.0077383539391473,0.0074306281202833,0.0159157715387836,0.0159157715387836,0,0.0075868378632377,0,0.0010290050807125,0.0087554721701063,0.0045446256068971,0.0046197303685124,0.0078515346181299,0.0036488795788429,0.0138121546961325,0.0072334742933452,0.0041569347525569,0,2.32361665492682,10,1.24272492984045,0,0.102036199095023,5767,5286.11497956237,0.0001734003814808,0.0001366546198516,0.189535238021459,0.981763409018335,3557.73810648492,0.0024789973832805,0
"8","Atm","spleen","SRR2104738",902.2,761.110053833039,0.0011084406632409,0.000293704136872,0.0476495268059419,0.996412646813337,842.761155914331,0.0046364594309799,0,0.0003034440904263,0.0003034440904263,0.73812774996207,0.000910332271279,0.125451789670047,0.0004663635303719,80,56,0.166386499278285,0.0454447388267908,0.0018918762324832,0.0020387833532655,0.0020859651049962,0.0008858889467736,3.8533932091355e-05,0.0021274558570424,0.0021244039383978,0.001775578553468,0.0017757102841136,0.0039336489312706,0.0005839372786151,0.002065580290279,2.25949622464893,1.00307414068573,0.128963738431194,190.639811864664,82.0379133401816,0.555749952939181,0.0447423664403021,234.5,186.362795477903,29.5,77.8262943990874,0.857409630518874,0.0012004801920768,0.141389889289049,167.98679245283,620.549818454611,177.461883257853,0,1667.68841590022,1667.68841590022,0.0208083233293317,0.650927037481659,0.107376283846872,0,0,0,0,0,0.0557348261076544,0.0511346887919092,0.0059740785743215,9.11300121506683e-05,9.11300121506683e-05,0.0118551250191641,0.0118551250191641,0.0132301249783023,0.0132301249783023,0.0076506198991386,0.0076506198991386,0.0059740785743215,0.0159326305040481,0.0159326305040481,0,0.0078474763809685,0,0.0010805377559994,0,0.0044300671076252,0.0046225263852242,0,0.0036456841311722,0,0,0.0041595670537011,3,2.34063878218808,1,1.23735544580615,0,0.117163412127441,6591,6033.24093941206,0.0001517220452131,0.0001222368364524,0.188868579975029,0.981889815135764,3996.98150517622,0.0021712907117008,0
"9","Trp53bp1","spleen","SRR2104739",284,246.840660143862,0.0035211267605633,0.0013193311143711,0.118430092751632,0.990516774176484,249.037037037037,0.0121951219512195,0.024390243902439,0.0070422535211267,0.0070422535211267,0.757042253521127,0,0.204986149584487,0,0,42,0.0979685781163926,0.0486812242958435,0.0019610401542273,0.0019604947205013,0.002177700348432,0.0001314837946223,0,0.0021473913219554,0.0020951217710714,0.0018087238810687,0.0016311402609824,0.0034185786601801,0.0013937282229965,0.0020800664090207,3.01891252955083,0.460992907801418,0.0598591549295774,110.707746478873,27.5870416965924,0.561272807069271,0.037224343635203,144,112.744186046512,9,27.7222880891102,0.951219512195122,0,0.048780487804878,215,769.370800441132,305.235318946825,675.000000000001,2366.67491423981,2366.67491423981,0.0174216027874564,0.735191637630662,0.0313588850174216,0.0069686411149825,0,0,0.0463917525773195,0.0523093447905477,0.0598570623998511,0.0549873909671021,0,0,0,0.0124781530707637,0.0124781530707637,0.0125247350094338,0.0125247350094338,0.0079104857706754,0.0079104857706754,0,0.0160316841695018,0.0160316841695018,0,0.0064516129032258,0,0.0023809523809523,0.0075046904315197,0.0040940224159402,0.0045170454545454,0.0092790863668807,0.0037662337662337,0.005524861878453,0.0091253060316047,0.0041451371131293,2.5,3.17057902973396,0,0.535211267605634,0,0.0604651162790697,284,286.892961183335,0.0035211267605633,0.0013216600325374,0.118430092751632,0.990516774176484,249.037037037037,0.0121951219512195,0.024390243902439
"10","Trp53bp1","spleen","SRR2104740",391,343.789044762373,0.0025575447570332,0.0006239175995256,0.0639264401412733,0.995950015409621,369.037656903766,0.0047619047619047,0,0.0102301790281329,0.0102301790281329,0.790281329923274,0,0.227522935779816,0,0,51,0.130884381651881,0.0468117588569141,0.0019417819797088,0.0019822936022675,0.0022850589166783,0.0003137184600905,0,0.002139293207345,0.0020819594103003,0.0018236227358868,0.0016766801732569,0.0031371846009053,0.0010556875164951,0.0020848935379832,2.7532981530343,0.803430079155673,0.0869565217391304,144.442455242967,43.4535485659611,0.555317917079783,0.0394202537604937,160.25,144,39.162322454114,42.1936512655606,0.902612826603326,0,0.0973871733966746,226.048780487805,657.1134197389,194.108886502027,1246.68309926781,2559.35285335602,2559.35285335602,0.007125890736342,0.719714964370546,0.0878859857482185,0.009501187648456,0,0,0.0728587000702065,0.0471311607817408,0.0527583338746748,0.0513190835303693,0,0,0,0.0122730155920402,0.0122730155920402,0.0127569908755365,0.0127569908755365,0.008456757318792,0.008456757318792,0,0.01599073355531,0.01599073355531,0,0.0055028462998102,0,0.0019607843137254,0.0078173858661663,0.0042707493956486,0.0044627757352941,0.008922198429693,0.003828256302521,0.011049723756906,0.0084019586022701,0.0041641467450219,3,2.81605351170569,0,0.946488294314381,0,0.0841423948220064,391,404.567713660743,0.0025575447570332,0.0006247169817875,0.0639264401412733,0.995950015409621,369.037656903766,0.0047619047619047,0
"11","Trp53bp1","spleen","SRR2104741",801.9,659.305246552444,0.001247147723231,0.0004849773565999,0.133395793453207,0.991159502193744,696.608995559189,0.0053740779768176,0,0.0116156282998944,0.0116156282998944,0.750791974656811,0,0.228768171384851,0.0007651109410864,26,50,0.124178314966658,0.0458037153566485,0.0019423823471316,0.0019816140291099,0.0022513970831629,0.0001873676715819,4.4135495972636e-05,0.002138578087369,0.002071400191275,0.0018355750196745,0.0016623829273516,0.0031665136497348,0.0014344036191106,0.0020822804928299,2.73225806451613,1.14408602150538,0.0675818373812038,141.273495248152,42.2245238791666,0.55602864443858,0.0381742871189926,123.727272727273,142.527426160338,48.079651543683,41.2710367479103,0.911618669314796,0,0.0883813306852035,212.76404494382,723.3807492394,218.820299277174,1109.03603976607,2679.20799798314,2679.20799798314,0.0119165839126117,0.703078450844091,0.0714995034756703,0.0079443892750744,0,0,0.039276783190627,0.0301436791192493,0.0539954009689306,0.0493622900477189,0,0,0,0.0123018042646254,0.0123018042646254,0.012724396450925,0.012724396450925,0.0083595013797697,0.0083595013797697,0,0.0159904910341787,0.0159904910341787,0,0.0059966914805624,0.0208333333333333,0.0028693528693528,0.0081691682301438,0.0041578854935019,0.0044593349358974,0.0085206995003568,0.0038321886446886,0.0096685082872928,0.0089027375918094,0.0041648635877539,3.1,2.76575931232092,0.2,1.4297994269341,0,0.0646976090014064,947,943.385994759052,0.0010559662090813,0.0004419107574038,0.152042691727288,0.98997781885133,805.992762364294,0.0051903114186851,0
"12","Trp53bp1","spleen","SRR2104742",813.3,658.960356545409,0.0012296596331475,0.000447698666393,0.123854831303727,0.9921029973228,718.108062152476,0.0042149631190726,0,0.0068493150684931,0.0068493150684931,0.761252446183953,0,0.236111111111111,0,0,49,0.132127301020001,0.0444954663405112,0.001944953635625,0.0019787035136922,0.0022615864527629,0.0002229845626072,6.06060606060607e-05,0.002135879911369,0.0020871690537101,0.0018177257906377,0.0017335115864527,0.0028987993138936,0.0011717171717171,0.0020748458544545,2.6545,1.1475,0.0763209393346379,143.453033268102,42.9753632329818,0.557010341029518,0.0375837580694885,145.142857142857,143.816195372751,37.4334784133461,41.9337327008226,0.903636363636364,0.0009090909090909,0.0954545454545454,303.533333333333,953.3411228453,335.281754050227,757.921133393472,2350.80465923278,2350.80465923278,0.0136363636363636,0.701818181818182,0.0763636363636363,0.0054545454545454,0.0009090909090909,0.0009090909090909,0.0573403849122208,0.0284353098669186,0.0551803816990214,0.0493488484660551,0,0,0,0.012303580394155,0.012303580394155,0.0127223855238884,0.0127223855238884,0.0082882377189366,0.0082882377189366,0,0.0159864296006512,0.0159864296006512,0,0.0053512209828157,0,0.0022251891410769,0.0082082551594746,0.0043888426577902,0.0044974810163551,0.0084760885082084,0.0037885931241655,0.0117403314917127,0.0082350322724237,0.00416844185393,3.25,2.69291338582677,0,1.37270341207349,0,0.0706940874035989,1022,1018.99911065852,0.0009784735812133,0.0004043699083381,0.152019356214562,0.990198387190997,873.040358744395,0.0040064102564102,0
"13","Trp53bp1","spleen","SRR2104743",908.8,761.648119051164,0.0011003862365098,0.0002284795054244,0.040648471359171,0.997554920060242,871.113266523728,0.0032665964172813,0,0.0035471475022169,0.0035471475022169,0.892107596807567,0.0020691693762932,0.230028101164191,0.0002007226013649,36,52,0.169050826670116,0.0468726930371506,0.0019420452557116,0.0019819955925859,0.0022598870056497,0.0006395906619763,9.85078951180644e-05,0.0021291188810258,0.0020818702029666,0.0018237237122342,0.001709614745507,0.0033947504366436,0.001274808054469,0.0020860623314846,2.83866811549208,0.90214219186588,0.0582323381613952,173.997635234999,70.724777005625,0.557822670711905,0.0400559532605427,141.666666666667,172.907223326706,47.2093446493618,68.9519382525091,0.853455019556715,0.0005215123859191,0.146023468057366,306.244642857143,1019.22075230815,335.199780033387,1232.03084376975,2335.53078902942,2335.53078902942,0.0200782268578878,0.770013037809648,0.122294654498044,0.0026075619295958,0,0,0.0455906442096929,0.0319520629156941,0.0555128785719482,0.050114127287648,0.0021890547263681,5.97014925373133e-05,5.97014925373133e-05,0.0122684599600865,0.0122684599600865,0.0127621487445501,0.0127621487445501,0.0083106590939109,0.0083106590939109,0.0021890547263681,0.0159186862175214,0.0159186862175214,0,0.0060519220979996,0,0.0026161253513679,0.0084427767354596,0.0046115785849819,0.004442166496201,0.0082084225553176,0.0038518097186273,0.0138121546961326,0.0077453817048742,0.0041555440037958,2.83333333333333,2.84993031358885,0.2,0.956445993031359,0,0.0586481113320079,3383,3381.79078643633,0.0002955956251847,0.0001220538086078,0.133225911364297,0.992203312378772,2890.35947712418,0.0017543859649122,0
"14","Trp53bp1","spleen","SRR2104744",909.8,772.280330576172,0.0010991831709935,0.0002271069323444,0.0397059521453518,0.997586864703446,872.458690662491,0.0031612223393045,0,0.0067396798652064,0.0067396798652064,0.925301881493962,0.002808199943836,0.220799082393424,0,0,53,0.171598332387013,0.0460657307533716,0.001938227231606,0.0019863173239098,0.0022272893455713,0.0006526931694039,0.0001199432995311,0.0021320187392415,0.0020734089814754,0.0018333012122568,0.0016446102484173,0.0032958690540115,0.0012539526769163,0.002091892991525,2.77563532087412,0.947157124493226,0.0550407188991856,174.250772254985,69.7220079991369,0.556240494617931,0.0405845231503008,189.125,173.536570561457,93.2256726533344,68.9422034626431,0.846172718351325,0.0004906771344455,0.15333660451423,321.7856,1029.37971479558,304.754983912464,1993.71040985072,2459.88633017894,2459.88633017894,0.0193817468105986,0.787536800785083,0.129293424926398,0.0049067713444553,0,0.0002453385672227,0.0365045773232497,0.0254312831233849,0.0542965139400577,0.0486103086109239,0.0023620559334845,0.0001700680272108,0.0001700680272108,0.012241588411887,0.012241588411887,0.0127925726082899,0.0127925726082899,0.0082350049164208,0.0082350049164208,0.0023620559334845,0.0159489613317264,0.0159489613317264,0.0105820105820105,0.0058180185934896,0.0119047619047619,0.0026632006830026,0.0081896423359837,0.0044702915311894,0.0044176478458656,0.0084973318378029,0.0038798310332963,0.012891344383057,0.0084364037179527,0.0041551870603737,2.52083333333333,2.77695605573419,1.16666666666667,0.991275455519828,0,0.0558421851289833,3561,3574.53267430069,0.0002808199943836,0.0001114546021504,0.119806195959907,0.992939416178491,3076.51819505095,0.0017023346303501,0
"15","WT","CH12","SRR6293456",844,713.435789732346,0.0011848341232227,0.0003108455684651,0.068047976027591,0.995980038625263,789.648905803996,0.0043907793633369,0,1,1,0,0,0.0033707865168539,0,0,74,0.0744179263764412,0.0337696518023103,0.0019293713521912,0.0019963415485898,0.0029455976302584,8.50864691242475e-05,0,0.0020930161454057,0.0020349580105674,0.0018768249724042,0.003176326900546,0.0004679755801833,7.51597143930853e-05,0.0016372698413435,1.97841726618705,0.398081534772182,0.151658767772512,191.359004739336,60.2811169332909,0.546753412854893,0.029940549479036,191.359004739336,0,60.2811169332909,0,0.95152198421646,0,0.04847801578354,336.255813953488,642.717706958732,211.267869844518,796.89036286727,0,0,0.0146561443066516,0,0,0.95152198421646,0,0.0338218714768883,0.0382030737982749,0.0335790951210813,0,0,0.0011668611435239,0,0,0.0122646775090261,0.0122646775090261,0.0127664312211239,0.0127664312211239,0.0105688706229799,0.0105688706229799,0.0011668611435239,0.0157539067638652,0.0157539067638652,0.0027968471904398,0,0.0002860411899313,0,0.0086055644045262,0,0,0.0080226284919075,0,0.0141977571842168,0.0074417820550757,0,1.97841726618705,0,0.398081534772182,0,0.151658767772512,0,844,870.212499290985,0.0011848341232227,0.0003110298824858,0.068047976027591,0.995980038625263,789.648905803996,0.0043907793633369,0
"16","WT","CH12","SRR6293457",879,733.78132601131,0.0011377105908978,0.0003056803147878,0.068596202329213,0.995826239902863,819.772744743004,0.0032665964172813,0,1,1,0,0,0.0027510316368638,0,0,65,0.096177973984467,0.0329017299314948,0.0019370859662125,0.0019876091550412,0.0029775185936443,0.0001561483409238,4.59770114942529e-05,0.00207708268861,0.0020276035259569,0.0018851497251123,0.0030197768762677,0.000416395575797,0.0002605363984674,0.0016558014945741,1.96651445966514,0.238584474885845,0.162061239731143,196.569081404033,61.8873700527531,0.546074928752298,0.0298282341150678,196.569081404033,0,61.8873700527531,0,0.920689655172414,0,0.0793103448275862,378.886956521739,738.600930846461,320.689968835874,843.96655491762,0,0,0.0255172413793103,0,0,0.920689655172414,0,0.0537931034482758,0.0383751934505001,0.0332691870625546,0,0,0.0021865889212827,0,0,0.0123196372980184,0.0123196372980184,0.0127042059589598,0.0127042059589598,0.0107620165638948,0.0107620165638948,0.0021865889212827,0.0156734885964425,0.0156734885964425,0.0025163167413698,0,0.0010025949516395,0,0.0085669254536739,0,0,0.0080667281938439,0,0.0133644571129175,0.0075561434008615,0,1.96651445966514,0,0.238584474885845,0,0.162061239731143,0,1339,1363.08495254996,0.0007468259895444,0.000243663424687,0.0994706759221515,0.994169668310009,1210.26467449306,0.0026560424966799,0
"17","WT","CH12","SRR6293458",708,607.080060892122,0.001412429378531,0.0003541289794397,0.0596919558783911,0.996266971835155,666.125874125874,0.0039682539682539,0,1,1,0,0,0.0013071895424836,0.0039215686274509,25,60.5,0.0972171121818878,0.0325381279036615,0.0019227075449237,0.0020038845037436,0.0028342480224678,4.95871866709642e-05,0,0.0020921471435795,0.0020163679578895,0.0018978675878383,0.0028632346499703,0.0004710782733741,0.0003212147758796,0.0016813864507356,1.91155492154066,0.339514978601997,0.166666666666667,192.915254237288,63.8489004109893,0.541065280036186,0.0291149777416491,192.915254237288,0,63.8489004109893,0,0.92904073587385,0.0013140604467805,0.0696452036793692,185.679245283019,590.67648373468,204.333970790931,898.232751461952,0,0,0.0236530880420499,0.0013140604467805,0,0.92772667542707,0,0.0459921156373193,0.0376532645987673,0.032950705460144,0.0824742268041237,0.0606060606060606,0,0,0,0.0122222222222222,0.0122222222222222,0.0128144989339019,0.0128144989339019,0.0102960024412572,0.0102960024412572,0,0.0157858332912606,0.0157858332912606,0.0028451632225217,0,0.0012353998203054,0,0.0085397038917517,0,0.0034375,0.0080977969144103,0.005,0.0130228887134964,0.0076039217638938,0.0042677012609117,1.91155492154066,0,0.339514978601997,0,0.166666666666667,0,708,730.72084456545,0.001412429378531,0.0003543793357661,0.0596919558783911,0.996266971835155,666.125874125874,0.0039682539682539,0
"18","WT","CH12","SRR6293459",885.8,743.130123966301,0.0011289678607819,0.0002905731082541,0.062386218901515,0.996202190642526,830.749227055509,0.0033719704952581,0,0.997624703087886,0.997624703087886,0.0019794140934283,0.0015835312747426,0.028980565973406,0.0003409478349812,48,64,0.132267385748677,0.0331713622668816,0.0019764157885688,0.0019430905976562,0.0030579144197194,1.98819015050599e-05,0,0.0020689306977979,0.0020239958804046,0.0018892333228995,0.0029046743390014,0.0005036748381281,0.0003356359520743,0.0016459219794293,1.91613290632506,0.372898318654924,0.164687252573238,211.724465558195,66.3982091666172,0.546491103978387,0.0281453068593466,211.809920634921,188.2,66.422523049397,34.5797628678972,0.886898489638216,0.0007024938531787,0.112399016508605,151.95625,462.010894715631,298.320563989899,869.163412836556,1362.41434208033,1362.41434208033,0.024236037934668,0.0024587284861257,0,0.884088514225501,0.0007024938531787,0.0881629785739375,0.0409675075255882,0.0343637215392384,0.0545642763034067,0.0479835953520164,0,0,0,0.0125643052851212,0.0125643052851212,0.0124271938029863,0.0124271938029863,0.0111045912623412,0.0111045912623412,0,0.0157115869373066,0.0157115869373066,0.0030485359005214,0,0.0012936221419975,0,0.0085506961706662,0.0063600782778864,0.0043526785714285,0.0080852511228441,0.003954081632653,0.0128846959331431,0.0074956550944469,0.0040460024941111,1.91673354735152,2,0.370987158908507,1.4,0.16468253968254,0,2526,2497.50362982729,0.0003958828186856,0.000176431749552,0.166377816508634,0.990040834928553,2107.5640482744,0.0015847860538827,0
"19","WT","CH12","SRR6293460",882.8,750.769342865081,0.0011327952175259,0.0003092025488633,0.0653734897824802,0.995841500183683,821.530816272425,0.0042149631190726,0,0.99874213836478,0.99874213836478,0.0012578616352201,0,0.0329670329670329,0,0,65.5,0.114736412171923,0.0347061611518562,0.0019794247594491,0.0019396846569532,0.0031834893048128,4.28816466552316e-05,2.52525252525253e-05,0.0020737758636831,0.002013543366302,0.0019010648243153,0.0029690285204991,0.0005145797598627,0.0002777777777777,0.0016791053093833,1.87347463070006,0.362877328195247,0.179245283018868,203.475471698113,55.5307073721872,0.549483737127193,0.0275341654395517,203.567380352645,130.5,55.5045655320413,7.5,0.902272727272727,0,0.0977272727272727,279.78488372093,639.824744539461,344.695480740836,881.952395323559,24.9999999999255,24.9999999999255,0.0255681818181818,0.0011363636363636,0,0.901136363636363,0,0.0721590909090909,0.0418778342716173,0.0350729930770374,0.0586503623188405,0.0418311403508772,0.0004082465809348,0,0,0.0126040365668999,0.0126040365668999,0.0123822101982433,0.0123822101982433,0.0115185147050057,0.0115185147050057,0.0004082465809348,0.0156766238784799,0.0156766238784799,0.0031134461957579,0,0.0010702471297917,0,0.0084984522214884,0.0017123287671232,0.00484375,0.008144878585182,0.0033928571428571,0.0131525900410575,0.0076599663561752,0.0040737148399612,1.87588424437299,0,0.362057877813505,1,0.179471032745592,0,1590,1603.47595910664,0.00062893081761,0.0002373018992154,0.110990687386026,0.992893331732897,1391.96108291032,0.0027563395810363,0
"20","WT","CH12","SRR6293461",890.3,753.247838257843,0.0011232890913334,0.0002761394612559,0.0581309335671081,0.996514841286372,839.509118446458,0.0031612223393045,0,0.99794185747363,0.99794185747363,0.0020581425263699,0.0010290712631849,0.0310129406514948,0,0,64,0.123355737509455,0.034131553706786,0.0019800891760368,0.0019389325847033,0.0031109899635654,1.73777799017287e-05,0,0.0020703015657074,0.0020274192070163,0.0018853583610237,0.0030139214331829,0.0004301000525677,0.0003018906541816,0.0016498431939262,1.99377995642702,0.40562091503268,0.146642655003859,199.526112683303,54.9497211529634,0.548156759795429,0.0273009586749492,199.509925238464,207.375,54.9848918007611,32.9087279456378,0.892931153580474,0,0.107068846419526,255.812903225806,601.08350326558,334.468132712411,868.785884822968,348.153611930136,348.153611930136,0.0349988487220815,0.0018420446695832,0,0.891089108910891,0,0.0720699976974441,0.0419486214613189,0.0346113320959598,0.0896903775863512,0.075665720833788,0,0,0,0.0125964400704695,0.0125964400704695,0.0123908109223467,0.0123908109223467,0.0113287511803069,0.0113287511803069,0,0.0156655428357596,0.0156655428357596,0.0025500039843812,0.0080645161290322,0.0011355486492947,0.0119047619047619,0.0085638032496104,0.004708904109589,0.00431640625,0.0080702916515865,0.0039955357142857,0.0132990280311125,0.0075160345848901,0.0042919495635305,1.99298096236137,2.375,0.405947078857742,0.25,0.146945088940448,0,3887,3759.9520894589,0.0002572678157962,0.0001333948613862,0.211617130309406,0.98723463366672,3063.57499186639,0.0015051740357478,0
"21","Atm","CH12","SRR6293462",658,569.714903357087,0.0015197568389057,0.0002895876899847,0.0377986821378713,0.99777656081058,634.945872801083,0.002919708029197,0,0.990881458966565,0.990881458966565,0.0075987841945288,0,0.130817610062893,0,0,61.5,0.0804698908394359,0.0305511990380648,0.0018222535337427,0.0021175912889103,0.002397775318521,0.0002730524533762,0,0.0020906047977666,0.0019943457550781,0.0019227951527461,0.0024988649584291,0.0008191573601288,0.0010291043576137,0.0017551939183747,2.51788491446345,0.166407465007776,0.113981762917933,212.951367781155,71.9427377386123,0.531995073301532,0.0324320065796633,212.938650306748,208,72.1082556348,53.4677472875003,0.93342981186686,0,0.0665701881331403,327.086956521739,635.121481912232,275.85837896213,1176.74999227692,1602.49804992081,1602.49804992081,0.0419681620839363,0.0072358900144717,0,0.924746743849493,0,0.024602026049204,0.0340856100399172,0.0294668593509102,0.0289832732756047,0.0539863188989328,0.0044510385756676,0,0,0.0115781488373652,0.0115781488373652,0.0135437163483135,0.0135437163483135,0.0085672645151125,0.0085672645151125,0.0044510385756676,0.0157035421490978,0.0157035421490978,0.0050813008130081,0,0.0040650406504065,0,0.0084375333668908,0.0047945205479452,0.00425,0.0082144069567034,0.0040714285714285,0.0110749898935453,0.0079676787197429,0.0041319107662463,2.53218210361067,1.2,0.167974882260597,0,0.108895705521472,0.6,658,685.523723505838,0.0015197568389057,0.0002898079925575,0.0377986821378713,0.99777656081058,634.945872801083,0.002919708029197,0
"22","Atm","CH12","SRR6293463",636,553.53100703922,0.0015723270440251,0.0003041024256974,0.0389951336122255,0.997695036104744,613.066945606695,0.0030165912518853,0,0.993710691823899,0.993710691823899,0.0062893081761006,0.0031446540880503,0.112860892388451,0,0,63,0.0896885887419459,0.0304277150916294,0.0018088222889736,0.0021327945012612,0.0021627363963336,0.0005582226191805,3.28731097961867e-05,0.0021042030667317,0.0020010130715954,0.0019152482253715,0.0025760674092122,0.0008931561906888,0.0012163050624589,0.001741617066817,2.312,0.2688,0.127358490566038,220.924528301887,80.5413911456127,0.531223290896419,0.0341105194206787,221.049050632911,201.25,80.6912724821892,47.7408368171317,0.92603550295858,0,0.0739644970414201,239.6,679.47005820713,127.233875546836,1139.53424667183,2558.8083163848,2558.8083163848,0.0236686390532544,0.0059171597633136,0,0.918639053254438,0,0.0502958579881656,0.0345676749249925,0.029830643529021,0.0382605177993527,0.022228693457581,0.0093457943925233,0,0,0.0114380379111885,0.0114380379111885,0.0137023494011916,0.0137023494011916,0.0077123480274584,0.0077123480274584,0.0093457943925233,0.0158420109193908,0.0158420109193908,0.0054283290924512,0,0.00470737913486,0,0.0084881295084236,0.0008561643835616,0.0041015625,0.0081566601827484,0.0042410714285714,0.0117076462401417,0.0078649910038176,0.0041707080504364,2.30756843800322,3,0.270531400966183,0,0.128164556962025,0,636,661.555933664733,0.0015723270440251,0.0003043417822285,0.0389951336122255,0.997695036104744,613.066945606695,0.0030165912518853,0
"23","Atm","CH12","SRR6293464",612,528.237943850183,0.0016339869281045,0.0003927459179854,0.058780990701539,0.996415947547671,578.57394843962,0.004594180704441,0,0.993464052287582,0.993464052287582,0.0032679738562091,0,0.111111111111111,0,0,51,0.0944650102904755,0.0289949820614153,0.0018440404324273,0.0020929300715129,0.0022566953610712,0.0002588587206626,0,0.0020936723638238,0.0019860196109162,0.0019322197548536,0.0026135072931611,0.0010354348826507,0.0008468834688346,0.0017301989997978,2.20066334991708,0.167495854063018,0.140522875816993,200.493464052288,73.0417216016729,0.536434019928228,0.0319647935358001,200.962171052632,139,73.0063773567776,31,0.925304878048781,0,0.0746951219512195,212.265306122449,549.080633293107,347.3969062239,1082.49368271206,2325,2325,0.0365853658536585,0.0030487804878048,0,0.917682926829269,0,0.0381097560975609,0.0342386136440719,0.0288287593211997,0.0251515151515151,0.04125,0.0036978341257263,0,0,0.0117113003303875,0.0117113003303875,0.0133929627389428,0.0133929627389428,0.0081202754442309,0.0081202754442309,0.0036978341257263,0.0157190821698807,0.0157190821698807,0.0063795853269537,0,0.0033227006911217,0,0.0083988896569127,0.0034246575342465,0.004140625,0.0082585120903615,0.0041964285714285,0.0116312881651642,0.0078726042388816,0.0040252182347235,2.19031719532554,4.5,0.168614357262103,0,0.141447368421053,0,612,632.964811618645,0.0016339869281045,0.0003930671825937,0.058780990701539,0.996415947547671,578.57394843962,0.004594180704441,0
"24","Atm","CH12","SRR6293465",260,234.818447800652,0.0038461538461538,0.0008102136234,0.0391569684927591,0.996985285792801,248.952542372881,0.011070110701107,0.011070110701107,0.988461538461538,0.988461538461538,0.0076923076923076,0,0.149206349206349,0,0,65,0.0620708994302518,0.0284348380196868,0.0017552939931408,0.002193384719243,0.0021857623646473,0.000352013517319,8.29187396351576e-05,0.0021029178076075,0.0019801832847726,0.0019388260603179,0.0024829894644424,0.0010560405519571,0.0012437810945273,0.001787992507669,2.43137254901961,0.286274509803921,0.0961538461538461,223.819230769231,79.2477251274118,0.528387194472979,0.0340755603548055,223.665369649805,244.5,79.078427843219,111.5,0.955223880597015,0,0.044776119402985,390.583333333333,675.447315775915,192.332182827202,1236.54531360027,0,0,0.0186567164179104,0.003731343283582,0,0.944029850746269,0,0.0261194029850746,0.033460827837789,0.0285686406213431,0,0.0319148936170212,0.0063856960408684,0,0,0.0111479100374483,0.0111479100374483,0.0140308310663431,0.0140308310663431,0.007866273352999,0.007866273352999,0.0063856960408684,0.0157323729545671,0.0157323729545671,0.0059829059829059,0.032258064516129,0.0048076923076923,0,0.0083886563717708,0.0034246575342465,0.0053125,0.0082701916213693,0.0028571428571428,0.0110922226944326,0.0081468609289664,0.0040737148399612,2.44444444444444,2,0.261904761904762,0,0.0972762645914396,0,260,270.65454282352,0.0038461538461538,0.0008117762355044,0.0391569684927591,0.996985285792801,248.952542372881,0.011070110701107,0.011070110701107
"25","Atm","CH12","SRR6293466",302,272.803641823823,0.0033112582781456,0.0005180241680402,0.0251228370006376,0.99831360102881,294.78527607362,0.0064516129032258,0,0.993377483443709,0.993377483443709,0.0066225165562913,0,0.0974930362116991,0,0,53,0.0982119737675291,0.0335798867420887,0.00183489124696,0.0021032862977516,0.0021143488259501,0.0002911716748194,0,0.0021190660851949,0.0019577644463775,0.0019642025884536,0.0024055918663761,0.0006988120195667,0.0002057613168724,0.0017679065625054,2.40338983050847,0.223728813559322,0.0894039735099337,202.185430463576,71.8010407765986,0.531125364063302,0.0336957972640577,202.163333333333,205.5,71.7161301397546,83.5,0.92283950617284,0,0.0771604938271605,224.32,621.78052204938,175.837304310267,1140.33407560278,400.000000000028,400.000000000028,0.0493827160493827,0.0061728395061728,0,0.916666666666667,0,0.0277777777777777,0.0353649915790418,0.0301932053701202,0.040513234996969,0.0670705782312925,0.0031746031746031,0,0,0.0116895345708905,0.0116895345708905,0.0134176058483094,0.0134176058483094,0.0075993819356651,0.0075993819356651,0.0031746031746031,0.0158765018940714,0.0158765018940714,0.0036310820624546,0.0161290322580645,0.0008169934640522,0,0.0083211729553192,0.011986301369863,0.00390625,0.0083472123086684,0.0044642857142857,0.0107969522984147,0.0079477298746488,0.0040252182347235,2.4061433447099,2,0.225255972696246,0,0.09,0,302,316.095604122589,0.0033112582781456,0.0005188839597821,0.0251228370006376,0.998313601028809,294.78527607362,0.0064516129032258,0
"26","Atm","CH12","SRR6293467",291,263.374791082124,0.0034364261168384,0.0006649185317469,0.0322864221209956,0.997530960469518,280.498452012384,0.0099667774086378,0,0.989690721649485,0.989690721649485,0.0068728522336769,0.0103092783505154,0.136111111111111,0,0,59,0.10279806552896,0.0329342888154098,0.0017650569546735,0.0021823337422184,0.0020214677510875,0.0009706970818418,0,0.0021138195228618,0.0019837891203428,0.0019347445113016,0.0026677069541643,0.0007280228113814,0.0008574490889603,0.0017858266390458,2.74475524475525,0.272727272727273,0.0721649484536082,235.591065292096,99.171106547115,0.523956076295981,0.0387766587132327,235.6875,188.5,99.1720214765737,101.5,0.926045016077171,0,0.0739549839228295,28.3043478260869,125.116444817239,77.3779493536737,1186.7702215667,99.9999999999255,99.9999999999255,0.022508038585209,0.0064308681672025,0,0.916398713826367,0,0.0514469453376205,0.0342798914532294,0.0297952445150834,0.0356627499484642,0.0514455782312925,0.0169491525423728,0,0,0.0111621820038941,0.0111621820038941,0.0140146724007083,0.0140146724007083,0.0071846407679616,0.0071846407679616,0.0169491525423728,0.0158696677171997,0.0158696677171997,0.0040605389442598,0.0161290322580645,0.0033222591362126,0,0.0083970671038169,0.011986301369863,0.004375,0.0082605922205543,0.0039285714285714,0.0119124098309502,0.0080583084946461,0.0039767216294859,2.74204946996466,4,0.275618374558304,0,0.0729166666666666,0,291,302.935364872641,0.0034364261168384,0.0006660639564232,0.0322864221209956,0.997530960469518,280.498452012384,0.0099667774086378,0
"27","Trp53bp1","CH12","SRR6293468",450,392.513928247394,0.0022222222222222,0.0006013472966051,0.0674318442153487,0.995355051663816,419.295900178253,0.0061855670103092,0,0.995555555555556,0.995555555555556,0,0.0022222222222222,0.228187919463087,0,0,56,0.0810850164295881,0.0331564242247723,0.001953454914466,0.0019690806716029,0.0025309036658141,4.10172272354389e-05,4.83091787439614e-05,0.0021034429085295,0.0019430180766031,0.0019808944286321,0.002149936061381,0.0014356029532403,0.0027053140096618,0.0018164450215674,2.75284738041002,0.289293849658314,0.06,187.566666666667,68.4934465640489,0.536942043931627,0.0330084661968293,187.850446428571,0,68.5093675149662,0,0.947826086956522,0,0.0521739130434782,501.458333333333,954.129969272472,378.419806978548,1532.09795005999,0,0,0.0239130434782608,0,0,0.934782608695652,0,0.0282608695652173,0.0436576525453319,0.0337722093463513,0,0,0.0007457121551081,0.0004474272930648,0.0004474272930648,0.0124264293869571,0.0124264293869571,0.0125832963657265,0.0125832963657265,0.0090673318683059,0.0090673318683059,0.0007457121551081,0.015833554426615,0.015833554426615,0.0085277150739904,0,0.0103461249059443,0,0.008207019906629,0,0,0.0084774983364027,0,0.0094409039322549,0.0082772348659741,0,2.74942791762014,0,0.290617848970252,0,0.0602678571428571,0,450,463.28666748375,0.0022222222222222,0.0006020165759403,0.0674318442153487,0.995355051663815,419.295900178253,0.0061855670103092,0
"28","Trp53bp1","CH12","SRR6293469",833.1,685.758904032572,0.0012003493810448,0.0004300147793984,0.109394062903,0.992688057385478,738.347697612078,0.0051633298208639,0,0.998822143698469,0.998822143698469,0,0.0011778563015312,0.0796645702306079,0,0,57,0.0802641773714523,0.0342539202601776,0.0019493167548872,0.0019737647734788,0.002572412791996,2.148966347187e-05,0,0.0021116221156571,0.0019504103643216,0.0019725268854986,0.0020071240341239,0.0015687454334465,0.0025563148569982,0.001827484522684,2.77115924588849,0.342358604091456,0.0624263839811543,197.565371024735,72.3178807747465,0.534659286717884,0.0336610118037746,197.652122641509,0,72.3163449400922,0,0.941913439635535,0,0.0580865603644646,495.980392156863,1016.90891662605,278.45273978638,1557.19072009011,0,0,0.0170842824601366,0,0,0.937357630979499,0,0.041002277904328,0.042798931076011,0.034394578142662,0,0,0,0,0,0.0124020916927233,0.0124020916927233,0.0126108514097311,0.0126108514097311,0.0093487902802009,0.0093487902802009,0,0.0158776252595264,0.0158776252595264,0.0094425042038546,0,0.0097982149786573,0,0.0082593093325936,0,0,0.0084178189701518,0,0.0089722727828195,0.0082917755649908,0,2.77208835341365,0,0.342771084337349,0,0.0625,0,849,858.561323993204,0.0011778563015312,0.0004274074414698,0.111546634609547,0.992532171459665,750.318979266348,0.0051546391752577,0
"29","Trp53bp1","CH12","SRR6293470",311,278.809006184954,0.0032154340836012,0.0005962979356264,0.0357181965695418,0.997622948206653,300.659942363112,0.0061919504643962,0,0.993569131832797,0.993569131832797,0.0032154340836012,0,0.203431372549019,0.0024509803921568,31,54,0.0853335965899501,0.0345600020632572,0.0019479619462385,0.0019752983203642,0.002617404986686,5.82343349638947e-05,6.85871056241427e-05,0.002119822894511,0.0019386153763384,0.0019858779717208,0.0020500484144274,0.0011064523643139,0.0024005486968449,0.0018358680390949,2.59075907590759,0.221122112211221,0.0643086816720257,195.096463022508,71.197996334332,0.538755933099447,0.03556939511744,195.142394822006,295,70.9050994059871,0,0.944444444444444,0,0.0555555555555555,288.722222222222,820.214660626212,160.896094037206,1578.68175645197,0,0,0.015432098765432,0.0030864197530864,0,0.938271604938271,0,0.0401234567901234,0.0402728595613155,0.0331848054064286,0.0612244897959183,0.0612244897959183,0,0,0,0.0124000096886902,0.0124000096886902,0.0126132086467067,0.0126132086467067,0.0094471160686338,0.0094471160686338,0,0.015899450598598,0.015899450598598,0.0063091482649842,0.032258064516129,0.0092008412197686,0,0.0082040628705243,0.0171232876712328,0.00390625,0.0084808732833915,0.0044642857142857,0.0090977220837617,0.0083298169392135,0.0041707080504364,2.59800664451827,2,0.222591362126246,0,0.0647249190938511,0,311,324.763727289245,0.0032154340836012,0.0005972589321172,0.0357181965695418,0.997622948206653,300.659942363112,0.0061919504643962,0
"30","Trp53bp1","CH12","SRR6293471",332,297.064744894153,0.003012048192771,0.0005622245932275,0.0362056923345521,0.99761801736153,320.822102425876,0.0057971014492753,0,0.993975903614458,0.993975903614458,0.003012048192771,0,0.267080745341615,0,0,58.5,0.0775441466838411,0.0378935050931145,0.001958560392388,0.0019633016342661,0.0028802481444555,5.32992218313613e-05,0.0001255492780916,0.0020812050957454,0.0019800509346716,0.0019389758712047,0.0024890605959898,0.0011192836584585,0.0017576898932831,0.001803027645685,2.63249211356467,0.17192429022082,0.0662650602409638,188.936746987952,75.0230019282991,0.543505109757484,0.0323367049384126,189.457575757576,119,74.9398527721865,0,0.92090395480226,0,0.0790960451977401,841.428571428571,963.012031840406,474.155659869868,1491.58843218834,0,0,0.0508474576271186,0.0028248587570621,0,0.903954802259887,0,0.0282485875706214,0.043365964668638,0.0375683200832822,0.0098039215686274,0.0098039215686274,0,0,0,0.0124709849778828,0.0124709849778828,0.0125328506966827,0.0125328506966827,0.0103802222679563,0.0103802222679563,0,0.015588290374204,0.015588290374204,0.007070707070707,0,0.007070707070707,0,0.0083764474008376,0.0068493150684931,0.00390625,0.0082841260571453,0.0044642857142857,0.0106646576259835,0.0082694292131193,0.0040737148399612,2.64603174603175,0,0.157142857142857,0,0.0636363636363636,1,332,346.417035695866,0.003012048192771,0.000563073234606,0.0362056923345521,0.99761801736153,320.822102425876,0.0057971014492753,0
"31","Trp53bp1","CH12","SRR6293472",336,300.128897174029,0.0029761904761904,0.0006434759737026,0.0435436958874441,0.996909141955515,320.99481865285,0.0085227272727272,0,0.991071428571429,0.991071428571429,0.0059523809523809,0.0089285714285714,0.254901960784314,0.0021786492374727,40,52,0.0662961576740848,0.0348997224531281,0.0019489694049925,0.0019741579488175,0.0027744235524121,0.0001106623139489,0,0.0021069038709648,0.0019591496185993,0.0019626346721664,0.0023503536311885,0.0014939412383112,0.0021505376344086,0.0018437206570491,2.5838445807771,0.248466257668712,0.0535714285714285,186.241071428571,73.3548833301223,0.542273137268799,0.0302166142842624,186.987987987988,105.5,73.2513044898541,13.5,0.956011730205278,0,0.0439882697947214,662.4,874.123011938251,356.792487172735,1528.00716259151,850.000000000004,850.000000000004,0.0234604105571847,0.0058651026392961,0,0.947214076246334,0,0.0205278592375366,0.0408358780126065,0.0354641662056507,0.0562371134020618,0.0402040204020402,0,0,0,0.0124327615954531,0.0124327615954531,0.01257612706357,0.01257612706357,0.0100153674950982,0.0100153674950982,0,0.0157503441141143,0.0157503441141143,0.009090909090909,0,0.0078282828282828,0.0476190476190476,0.0082760058369814,0.0034246575342465,0.003984375,0.0083987627884844,0.004375,0.0103130755064456,0.0084211804220706,0.0043161978661493,2.57378740970072,3.5,0.250773993808049,0,0.054054054054054,0,336,348.976788197361,0.0029761904761904,0.0006444356699461,0.0435436958874441,0.996909141955515,320.99481865285,0.0085227272727272,0
"32","Trp53bp1","CH12","SRR6293473",603,523.244004882287,0.0016583747927031,0.0003576184940286,0.0490472167464624,0.997086966199664,576.205128205128,0.0031446540880503,0,0.980099502487562,0.980099502487562,0.0132669983416252,0.0016583747927031,0.264670658682635,0,0,55,0.0751648254487333,0.0366060770932853,0.0019558649845674,0.0019663526439211,0.0026944817014753,3.0729518775736e-05,0,0.0021156424474807,0.0019699394173858,0.0019504213885137,0.0022613687168678,0.000921885563272,0.0017734346724574,0.0018197975507173,2.46513605442177,0.329931972789116,0.0762852404643449,183.910447761194,74.3413440140552,0.544400619190489,0.0324538057090188,184.818950930626,141.25,74.5369192495743,53.330924424765,0.951140065146579,0,0.0488599348534201,525.1,966.01436669786,294.020215102064,1490.17115871231,1109.28364455698,1109.28364455698,0.014657980456026,0.011400651465798,0,0.929967426710098,0,0.0342019543973941,0.0418965291758388,0.0363054706673903,0.0584068001159838,0.0623797226758432,0.0005621135469364,0,0,0.0124673291349485,0.0124673291349485,0.012536989828022,0.012536989828022,0.0097374979480368,0.0097374979480368,0.0005621135469364,0.01585851527953,0.01585851527953,0.0052552552552552,0.0092165898617511,0.0068975225225225,0,0.0083249877457194,0.0039138943248532,0.0046205357142857,0.0083428583830082,0.0036479591836734,0.0102097954307899,0.0082587177651722,0.0041014271858112,2.47135416666667,2.375,0.309027777777778,1.625,0.077834179357022,0,603,625.779168168713,0.0016583747927031,0.0003579153961088,0.0490472167464624,0.997086966199664,576.205128205128,0.0031446540880503,0
"33","Lig4","CH12","SRR6293474",391,342.977872420377,0.0025575447570332,0.0006687805194348,0.0645840945073676,0.995532561915307,365.97510373444,0.0071428571428571,0,0.997442455242967,0.997442455242967,0,0,0.0928725701943844,0,0,54,0.0735218825059176,0.0315557192290045,0.0019529120459765,0.0019696951600638,0.0024159663865546,4.49236298292902e-05,0,0.0021031687649313,0.0019124645204857,0.0020154788777813,0.0025443510737628,0.00062893081761,0.0009523809523809,0.001769454778135,2.54459459459459,0.333783783783784,0.0383631713554987,200.895140664962,73.2434664171918,0.541299624950261,0.0291961112425798,201.238461538462,0,73.0224205660525,0,0.919047619047619,0,0.0809523809523809,488.823529411765,717.989614482821,215.437950040423,1298.24318180656,0,0,0.0214285714285714,0,0,0.914285714285714,0,0.0595238095238095,0.03721108689108,0.0320050574677158,0,0,0.00084388185654,0,0,0.0124317623781258,0.0124317623781258,0.0125772583735931,0.0125772583735931,0.008636720062731,0.008636720062731,0.00084388185654,0.0158793113034453,0.0158793113034453,0.0038033143167617,0,0.0036674816625916,0,0.008076563744761,0,0,0.0086263915575497,0,0.0113604128111956,0.0080549096475528,0,2.54065040650406,0,0.334688346883469,0,0.0384615384615384,0,391,403.613133679833,0.0025575447570332,0.0006696373814383,0.0645840945073676,0.995532561915307,365.97510373444,0.0071428571428571,0
"34","Lig4","CH12","SRR6293475",382,335.239356254709,0.0026178010471204,0.0007614879280808,0.074112155427993,0.99454691243323,352.19836400818,0.0072289156626506,0,0.986910994764398,0.986910994764398,0.0026178010471204,0.0078534031413612,0.132478632478633,0,0,52.5,0.093326081319138,0.0303715713896673,0.0019543977496864,0.0019680134492931,0.0025264416111272,4.64727205130589e-05,5.47345374931582e-05,0.002104908158796,0.001937115073877,0.0019875762072383,0.0025656814449917,0.0007900362487219,0.0008210180623973,0.0017561838471671,2.61401098901099,0.190934065934066,0.0392670157068062,192.625654450262,71.2902677354094,0.542301320288658,0.0285156111117291,193.355437665782,94,70.8539494462334,0,0.908866995073892,0,0.0911330049261083,240.945945945946,370.293743584224,172.366579748315,1281.82672013793,0,0,0.0197044334975369,0.0024630541871921,0,0.901477832512315,0,0.0689655172413793,0.038373563069883,0.0316342063481847,0.112359550561798,0.1,0.0008841732979664,0,0,0.0124258818005165,0.0124258818005165,0.012583916340993,0.012583916340993,0.009037346541161,0.009037346541161,0.0008841732979664,0.015911235732511,0.015911235732511,0.0045121263395375,0.032258064516129,0.0031725888324873,0,0.0081864299705082,0.0034246575342465,0.0046875,0.0085009981992557,0.0035714285714285,0.011624645932075,0.0079548445918693,0.0041707080504364,2.61699164345404,2,0.193593314763231,0,0.039787798408488,0,382,391.684979974411,0.0026178010471204,0.0007624866012025,0.074112155427993,0.99454691243323,352.19836400818,0.0072289156626506,0
"35","Lig4","CH12","SRR6293476",227,205.940516846969,0.0044052863436123,0.0010714790348403,0.0549838229111436,0.9957868992934,214.321033210332,0.0124481327800829,0.0124481327800829,0.995594713656388,0.995594713656388,0,0.013215859030837,0.109433962264151,0,0,53,0.0620093875235349,0.0321251196906154,0.0019457286608304,0.0019778262403659,0.0026327268195413,7.99488327470419e-05,9.41619585687382e-05,0.0020950585544137,0.0019263245789627,0.0019997902788582,0.0024665586573612,0.0008794371602174,0.0006591337099811,0.0017906288001768,2.65581395348837,0.32093023255814,0.0308370044052863,217.26872246696,102.462297953404,0.534701142350266,0.0303798206724748,217.730088495575,0,102.453195344388,0,0.936440677966102,0,0.0635593220338983,530.6,659.518895357315,245.043830124137,1339.17645476443,0,0,0.0127118644067796,0,0,0.932203389830508,0,0.0508474576271186,0.0387795109650634,0.0327382520696739,0,0,0,0,0,0.0123839790153349,0.0123839790153349,0.0126313585135546,0.0126313585135546,0.0093433944374209,0.0093433944374209,0,0.0158210886843756,0.0158210886843756,0.0052681992337164,0,0.0025143678160919,0,0.008130081300813,0,0,0.0085653104925053,0,0.010763955039055,0.0081976177502168,0,2.65420560747664,0,0.322429906542056,0,0.0309734513274336,0,227,234.830578019419,0.0044052863436123,0.0010738469471975,0.0549838229111436,0.9957868992934,214.321033210332,0.0124481327800829,0.0124481327800829
"36","Lig4","CH12","SRR6293477",911.8,776.310823699535,0.0010967858277018,0.0002263268084739,0.0377974129949925,0.997632301352946,874.264036581108,0.0034773445732349,0,0.992815758980301,0.992815758980301,0.0039397450753186,0.0034762456546929,0.121495327102804,0,0,55,0.105013364490141,0.0365895343900509,0.0019549826898809,0.0019673513386591,0.0025917813934084,8.43034925732638e-05,0.0001465721040189,0.0021061335987821,0.001962698775641,0.001958617279207,0.002386576971214,0.0007226013649136,0.0015744680851063,0.0018022239682296,2.51860104861773,0.478896568160153,0.0609501738122827,208.60741599073,62.6844383354394,0.541210310924373,0.0292994310350432,208.538281979458,249.764705882353,62.5968133866364,61.3270206369722,0.908297872340426,0,0.0917021276595745,241.802784222738,574.48450863805,213.22230982965,1166.5164449761,2550.13171133421,2550.13171133421,0.0212765957446808,0.0036170212765957,0.0002127659574468,0.900212765957447,0,0.0702127659574468,0.0417952397421854,0.0372326321512649,0.0581523849192984,0.0429659250351132,0.0003051804379339,9.15541313801786e-05,9.15541313801786e-05,0.0124389046436134,0.0124389046436134,0.0125691719280197,0.0125691719280197,0.0093944261358687,0.0093944261358687,0.0003051804379339,0.0158767832864783,0.0158767832864783,0.0042875587712246,0.0017921146953405,0.0059928378279617,0.0052910052910052,0.0083058653601057,0.0034246575342465,0.0043489583333333,0.0083646832899293,0.0039583333333333,0.0107250881543133,0.0081747177379824,0.0041222114451988,2.51344769673704,3.23529411764706,0.47635556621881,1.23529411764706,0.061391223155929,0,4315,4305.72382000279,0.0002317497103128,9.89286322241323e-05,0.12974480477586,0.99225575959618,3650.0308659617,0.001582904629996,0
"37","Lig4","CH12","SRR6293478",904.4,759.089436172814,0.0011057387965691,0.0002594098511635,0.0450661016535902,0.997053572789163,856.72513038581,0.0044257112750263,0,0.990634441087613,0.990634441087613,0.0057401812688821,0.0022658610271903,0.0965157217433535,0.000242806847153,62.5,59,0.132905412753298,0.036332556599627,0.0019424668838012,0.0019815183396216,0.0025280676786843,8.62243862852506e-05,0.0001135005973715,0.0021038561709967,0.0019547273626885,0.0019676403508535,0.0024101307189542,0.0007658754311219,0.0011678614097968,0.0018171165014293,2.59297234433092,0.548635865165231,0.052416918429003,221.7083081571,70.6684460443412,0.535104365146467,0.0287044368288754,221.890210430009,216.473684210526,70.5663372462376,65.079601801464,0.879704301075269,0,0.120295698924731,162.764245810056,441.609154092871,206.370579617716,1118.58810274718,3111.89194615013,3111.89194615013,0.0266129032258064,0.0052419354838709,0.0009408602150537,0.870564516129032,0,0.0922043010752687,0.0406636628782233,0.0365213788892101,0.0433374347571778,0.0434632803458347,0.0007909436946957,0.0002669434969598,0.0002669434969598,0.0123742051811839,0.0123742051811839,0.0126424244110689,0.0126424244110689,0.0091605978799384,0.0091605978799384,0.0007909436946957,0.0159105402728799,0.0159105402728799,0.0046225200490173,0.002805049088359,0.0044441342081995,0.0072463768115942,0.0082754063185344,0.0030524121500893,0.0046059782608695,0.0083994470354485,0.0036645962732919,0.0109054896132133,0.0082149287151785,0.0041264285413064,2.59419361432466,1.72222222222222,0.552191739098135,0.166666666666667,0.0513876181762732,0.263157894736842,6620,6196.12652908291,0.0001510574018126,9.99208501806063e-05,0.241173120783254,0.983767023434347,4605.26723829939,0.0026318559848405,0
"38","Lig4","CH12","SRR6293479",892.1,757.297394418504,0.0011209879205196,0.0003064507186906,0.0569362494382939,0.996110891362142,829.767628900776,0.005163329820864,0,0.989694094552593,0.989694094552593,0.0049075740225748,0.0039260592180598,0.120667356440766,0,116,54,0.122059921657763,0.0339203146638751,0.0019526969752343,0.0019699386048241,0.002505414579422,9.15783952690046e-05,8.17113627821085e-05,0.0021012719498245,0.0019705673752046,0.0019497105849932,0.0023752772178146,0.0009407598786725,0.001356408622183,0.0017922594596422,2.63225506911039,0.445736670117112,0.0516931130377883,198.533780467855,58.6606151467793,0.54006798380124,0.0288001358432256,198.59173553719,193.366666666667,58.6542912506142,57.1229570507534,0.888954257979115,0,0.111045742020885,255.935099337748,633.859421834866,328.600837570157,1142.79757364512,1587.40884787802,1587.40884787802,0.0330931019267539,0.004265333137226,0.0002941609060155,0.878364465362554,0,0.0775113987351081,0.0412108899312712,0.0344417027942777,0.0545535883570617,0.0564844402468103,0.0003722018397405,0,0,0.0124341399508957,0.0124341399508957,0.012574566494828,0.012574566494828,0.0090408344473508,0.0090408344473508,0.0003722018397405,0.0158871642213527,0.0158871642213527,0.0055051204458805,0.0062434963579604,0.0051418166897471,0.0046082949308755,0.008341447825571,0.0040874944763588,0.004359879032258,0.0083240720391947,0.0039458525345622,0.0106620738082101,0.0081224638062586,0.0041425487312662,2.63374974999615,2.9,0.444904280578676,0.833333333333333,0.0522314049586776,0,6113,5619.83828119655,0.0001635858007524,0.0001219158152216,0.266201969747112,0.981096412465488,3930.33396653098,0.0045054709289851,0
