"","sample","nreads_initial","nreads_mapped","nreads_removed_short","nreads_removed_incomplete","nreads_removed_internal_primer","nreads_removed_no_switch","nreads_removed_length_mismatch","nreads_removed_overlap_mismatch","nreads_inversions","nreads_removed_low_cov","nreads_removed_switch_order","nreads_removed_no_isotype","nreads_unmapped","clustering_cutoff","clusters_initial","frac_singletons","frac_reads_unused","clusters_raw","clusters_eff_raw","reads","read_length_mean","read_length_std","GC_content_mean","GC_content_std","cluster_size_mean_raw","cluster_size_std_raw","cluster_gini_raw","cluster_entropy_raw","cluster_inverse_simpson_raw","occupancy_top_cluster_raw","occupancy_big_clusters_raw","mean_frac_mapped","mean_frac_mapped_multi","mean_frac_ignored","duplication_size","PCR_bias_length","PCR_bias_GC","cluster_size_mean","cluster_size_std","clusters","clusters_eff","cluster_gini","cluster_entropy","cluster_inverse_simpson","occupancy_top_cluster","occupancy_big_clusters","read_length_SA_mean","read_length_SA_std","frac_reads_SA2","frac_reads_SA1","frac_reads_SM","frac_reads_SG1","pct_clusters_SA2","pct_clusters_SA1","alpha_ratio_reads","alpha_ratio_clusters","n_inserts","n_unique_inserts","n_clusters_inserts","pct_templated_inserts","mean_cluster_insert_frequency","untemplated_inserts","homology","untemplated_inserts_SA","homology_SA","pct_blunt_SA","pct_blunt","breaks_normalized","pct_inversions","pct_duplications","intraswitch_size_mean","intraswitch_size_std","pct_direct_switch","pct_sequential_switch","pct_intraswitch_deletion","pct_intraswitch_inversion","pct_intraswitch_duplication","break_dispersion_SA1","break_dispersion_SA2","break_dispersion_SM","pct_breaks_SM_SM","pct_breaks_SM_SG","pct_breaks_SG_SG","pct_breaks_SM_SE","pct_breaks_SG_SE","pct_breaks_SE_SE","pct_breaks_SM_SA","pct_breaks_SG_SA","pct_breaks_SE_SA","pct_breaks_SA_SA","break_dispersion_SA","homology_score_fw","homology_score_rv","homology_score_fw_SM_SA","homology_score_rv_SM_SA","donor_score_S","acceptor_score_S","donor_score_W","acceptor_score_W","donor_score_WGCW","acceptor_score_WGCW","donor_score_GAGCT","acceptor_score_GAGCT","donor_score_GGGST","acceptor_score_GGGST","donor_complexity","acceptor_complexity","donor_score_S_SM_SG","donor_score_W_SM_SG","donor_score_WGCW_SM_SG","donor_score_GAGCT_SM_SG","donor_score_GGGST_SM_SG","donor_complexity_SM_SG","donor_score_S_SM_SE","donor_score_W_SM_SE","donor_score_WGCW_SM_SE","donor_score_GAGCT_SM_SE","donor_score_GGGST_SM_SE","donor_complexity_SM_SE","donor_score_S_SM_SA","acceptor_score_S_SM_SA","donor_score_W_SM_SA","acceptor_score_W_SM_SA","donor_score_WGCW_SM_SA","acceptor_score_WGCW_SM_SA","donor_score_GAGCT_SM_SA","acceptor_score_GAGCT_SM_SA","donor_score_GGGST_SM_SA","acceptor_score_GGGST_SM_SA","donor_complexity_SM_SA","acceptor_complexity_SM_SA","num_variants","somatic_variants","frac_variants_transitions","frac_variants_C.A","frac_variants_C.G","frac_variants_C.T","frac_variants_T.A","frac_variants_T.C","frac_variants_T.G","num_variants_Tw","num_variants_wrCy","num_variants_Cg","read_length_SM_mean","read_length_SM_std","pct_clusters_SM","pct_blunt_SM","frac_reads_SG4","frac_reads_SG3","frac_reads_SG2","mean_insert_overlap","mean_insert_pos_overlap","mean_insert_length","mean_insert_gap_length","ninserts_SM_SA","inversion_size","read_length_SG_mean","read_length_SG_std","pct_clusters_SG1","pct_clusters_SG3","pct_clusters_SG2","pct_clusters_SG4","ninserts_SM_SM","untemplated_inserts_SG","homology_SG","pct_blunt_SG","break_dispersion_SG1","break_dispersion_SG2","break_dispersion_SG3","break_dispersion_SG4","break_dispersion_SG","homology_score_fw_SM_SG","homology_score_rv_SM_SG","acceptor_score_S_SM_SG","acceptor_score_W_SM_SG","acceptor_score_WGCW_SM_SG","acceptor_score_GAGCT_SM_SG","acceptor_score_GGGST_SM_SG","acceptor_complexity_SM_SG","ninserts_SM_SG","ninserts_SA_SA","untemplated_inserts_SM","homology_SM","ninserts_SG_SG","mean_length_SE","std_length_SE","frac_reads_SE","frac_clusters_SE","n_untemplated_switch_SE","n_homology_switch_SE","frac_blunt_SE","break_dispersion_SE","acceptor_score_S_SM_SE","acceptor_score_W_SM_SE","acceptor_score_WGCW_SM_SE","acceptor_complexity_SM_SE","ninserts_SG_SA","ninserts_SA_SG","homology_score_fw_SM_SE","homology_score_rv_SM_SE","ninserts__SG","ninserts_SM_","frac_variants_germline","nreads_removed_no_info","nreads_removed_duplicate","ninserts__SA","ninserts_SM_SE","frac_breaks_SM_SG4","frac_breaks_SG4_SG4","frac_breaks_SM_SG3","frac_breaks_SG4_SG3","frac_breaks_SG3_SG3","frac_breaks_SM_SG2","frac_breaks_SG4_SG2","frac_breaks_SG3_SG2","frac_breaks_SG2_SG2","frac_breaks_SM_SG1","frac_breaks_SG4_SG1","frac_breaks_SG3_SG1","frac_breaks_SG2_SG1","frac_breaks_SG1_SG1","frac_breaks_SG4_SE","frac_breaks_SG3_SE","frac_breaks_SG2_SE","frac_breaks_SG1_SE","frac_breaks_SM_SA2","frac_breaks_SG4_SA2","frac_breaks_SG3_SA2","frac_breaks_SG2_SA2","frac_breaks_SG1_SA2","frac_breaks_SE_SA2","frac_breaks_SA2_SA2","frac_breaks_SM_SA1","frac_breaks_SG4_SA1","frac_breaks_SG3_SA1","frac_breaks_SG2_SA1","frac_breaks_SG1_SA1","frac_breaks_SE_SA1","frac_breaks_SA2_SA1","frac_breaks_SA1_SA1","donor","ncycles"
"1","20250703_P1x10",290,263,57,255,37,1,0,0,0,3,0,1,27,0.01,3,0.666666666666667,0.975862068965517,2,2.82842712474619,4,2066.5,295.5,0.600069398259952,0.008313328243012,0.5,0.235702260395516,0.166666666666667,0.918295834054489,1.8,0.666666666666667,1,0.960025,0,0,NA,0.0011728378689677,41.6889096820271,0.5,0.166666666666667,2,2.82842712474619,0.166666666666667,0.918295834054489,1.8,0.666666666666667,1,2066.5,295.5,NA,0.75,NA,0.25,NA,100,1,1,0,0,0,0,0,0.166666666666667,5.33333333333333,0.166666666666667,5.33333333333333,0,0,1.5,0,0,NA,NA,66.6666666666667,33.3333333333333,0,0,0,125,NA,25,0,33.3333333333333,0,0,0,0,33.3333333333333,33.3333333333333,0,0,125,0.13469696969697,0.0397435897435897,0.22,0,0.0020123178242575,0.001971664938919,0.0019765143587954,0.002054024725807,0.0034987277353689,0.0028625954198473,0,0.0033003300330033,0,0.0066666666666666,0.0017277059482447,0.0016137912703385,0.009993552546744,0.0100105374077976,0.0145454545454545,0,0,0.0095372107567229,0.009993552546744,0.0100105374077976,0.0145454545454545,0,0,0.0095372107567229,0.009993552546744,0.0070663811563169,0.0100105374077976,0.0072961373390557,0.0145454545454545,0.011705685618729,0,0,0,0,0.0095372107567229,0.0054832950777862,0,0,NA,NA,NA,NA,NA,NA,NA,NA,NA,NA,NA,NA,NA,NA,NA,NA,NA,NA,NA,NA,NA,NA,NA,NA,NA,NA,NA,NA,NA,NA,NA,NA,NA,250,NA,NA,NA,250,0.075,0.102564102564103,0.003717917965939,0.0045651129264776,0.0043956043956043,0.0113636363636363,0.03125,0.0041703902293714,NA,NA,NA,NA,NA,NA,NA,NA,NA,NA,NA,NA,NA,NA,NA,NA,NA,NA,NA,NA,NA,NA,NA,NA,0,0,NA,NA,0,0,0,0,0,0,0,0,0,0.333333333333333,0,0,0,0,0,0,0,0,0,0,0,0,0,0,0,0.333333333333333,0,0,0,0.333333333333333,0,0,0,"P1","10"
"2","20250703_P1x15",391,339,39,232,92,3,0,0,1,22,0,3,52,0.01,55,0.872727272727273,0.734015345268542,51,53.0172472145559,62,2166.33333333333,577.076087234185,0.60401271841025,0.0205075811136782,0.0196078431372549,0.0059920754675062,0.104124408384043,0.990158767401362,46.7222222222222,0.0344827586206896,1,0.957210784313725,0.0112686274509803,0,154,-8.69434142475253e-05,-2.00764715889266,0.0196078431372549,0.0059330388014821,51,48.4813376843159,0.104124408384043,0.990158767401362,46.7222222222222,0.0344827586206896,1,2147.65384615385,605.14155637705,0.0967741935483871,0.403225806451613,NA,0.435483870967742,9.80392156862745,41.1764705882353,0.517241379310345,0.509803921568627,0,0,0,0,0,1.37162162162162,4.52027027027027,1.53571428571429,5.64285714285714,3.84615384615384,1.96078431372549,1.17647058823529,0,13.0434782608696,873.75,601.20436417245,85,1.66666666666666,13.3333333333333,0,13.0434782608696,525.143789832842,442.26688774992,531.904218402551,8.33333333333333,43.3333333333333,1.66666666666666,0,0,0,41.6666666666667,1.66666666666666,0,3.33333333333333,1383.33734939176,0.171116975624596,0.0392470115467018,0.273284989376017,0.022361338149956,0.0019665833282517,0.0020565278370632,0.0020637135216835,0.0018922218346703,0.0030216284987277,0.002735368956743,0.0003300330033003,0.0033828382838283,0,0.001,0.0014979780144671,0.0017424199274743,0.010321681864235,0.0094742586180942,0.0119480519480519,0.0029761904761904,0,0.0082585097829,0.010321681864235,0.0094742586180942,0.0119480519480519,0.0029761904761904,0,0.0082585097829,0.010321681864235,0.0070663811563169,0.0094742586180942,0.0072961373390557,0.0119480519480519,0.0091973244147157,0.0029761904761904,0.0051020408163265,0,0,0.0082585097829,0.006558093780741,1,1,1,0,0,1,0,0,0,NA,NA,1,NA,NA,NA,NA,NA,0.0161290322580645,0.0483870967741935,NA,NA,NA,NA,NA,NA,2185.76,545.682932113512,45.0980392156863,NA,3.92156862745098,NA,NA,1.15625,3.046875,0,331.755525040748,50,NA,NA,765.680318137947,0.0490144086872224,0.0517593969356611,0.0041976493163828,0.0036040365209034,0.0056980056980056,0.0079966329966329,0.0034722222222222,0.0036187513101424,NA,NA,NA,NA,NA,NA,NA,NA,NA,NA,NA,NA,NA,NA,NA,NA,NA,NA,NA,NA,NA,NA,NA,NA,0,0,NA,NA,0,0,0,0,0,0.0333333333333333,0,0,0,0.4,0,0,0,0.0166666666666666,0,0,0,0,0.0666666666666666,0,0,0,0.0166666666666666,0,0,0.35,0,0,0,0,0,0,0.0333333333333333,"P1","15"
"3","20250703_P1x20",2857,2698,109,918,768,101,0,1,38,462,6,101,159,0.01,326,0.570552147239264,0.412320616030802,288,225.964459933379,757,2229.51041666667,576.257616148603,0.60881748370208,0.0230256391369348,0.0034722222222222,0.0036401688963427,0.432926711481996,0.936785545068066,137.453070991757,0.0319888734353268,0.210013908205842,0.954728851087436,0.0188184895833333,0,154.5,-0.0004513626824141,-9.91579856981524,0.0034722222222222,0.0036338436632472,288,188.25127359988,0.432926711481996,0.936785545068066,137.453070991757,0.0319888734353268,0.210013908205841,2192.76612903226,640.363141794472,0.0898282694848084,0.418758256274769,0.0013210039630118,0.369881109643329,8.68055555555555,34.375,0.507649513212796,0.430555555555556,0,0,0,0,0,5.22946729196729,3.48984487734488,5.5274111866969,4.58782690854119,4.03225806451612,3.47222222222222,1.24768518518519,1.1146201003158,18.7813486903214,524.577110389611,607.066009720429,80.1484230055659,5.56586270871985,14.2857142857143,1.1146201003158,18.7813486903214,585.675711312951,403.704738089058,550.753137132952,8.90538033395176,48.7012987012987,3.89610389610389,0,0,0,31.4471243042672,3.06122448979591,0,3.98886827458256,1426.23965360369,0.154064494287864,0.0362142103243028,0.25134357483205,0.0165222915588663,0.0019311409457461,0.0020672275030119,0.0021312893420194,0.0018718214368221,0.0030582760763669,0.0026840593975272,0.0008266132735722,0.0046492404342475,0.0001113172541743,0.0017254174397031,0.0016147393013181,0.0018281932064794,0.0100976336631256,0.0098404322323414,0.0119406024531024,0.0046875,0,0.0086695708875586,0.0100976336631256,0.0098404322323414,0.0119406024531024,0.0046875,0,0.0086695708875586,0.0100976336631256,0.0071255643559247,0.0098404322323414,0.0071775169346915,0.0119406024531024,0.0098875770641092,0.0046875,0.0003442340791738,0,0,0.0086695708875586,0.0063091847113012,34,32,0.823529411764706,0.0294117647058823,0.117647058823529,0.558823529411765,0,0.264705882352941,0.0294117647058823,3,11,7,NA,NA,NA,NA,0.0158520475561426,0.0290620871862615,0.0752972258916776,NA,NA,NA,NA,NA,208,2257.29268292683,520.874744734814,44.7916666666667,2.08333333333333,8.33333333333333,1.73611111111111,NA,4.89307902372418,2.25018774534904,3.04878048780487,512.79063360122,271.057599454845,425.469511898979,149.962958389357,1591.35513553681,0.0543467583278721,0.0541808598571637,0.0041441343112407,0.0037112465432183,0.0057092466616276,0.01000481000481,0.0051256613756613,0.003810038672515,NA,NA,NA,NA,NA,NA,NA,NA,NA,NA,NA,NA,NA,NA,NA,NA,NA,NA,NA,NA,NA,NA,NA,NA,0,0,NA,NA,0.0111317254174397,0,0.0222634508348794,0,0.0027829313543599,0.0640074211502783,0,0,0,0.38961038961039,0.0027829313543599,0.0055658627087198,0.0027829313543599,0.0250463821892393,0,0,0,0,0.0445269016697588,0,0,0,0.0111317254174397,0,0,0.269944341372913,0,0,0,0.0194805194805194,0,0.0139146567717996,0.0259740259740259,"P1","20"
"4","20250703_P1x25",46054,44688,746,10113,13617,797,0,190,366,8003,480,797,1366,0.01,1653,0.532365396249244,0.266556650888088,879,408.114280145904,15463,2363.3401592719,661.088144675993,0.614858934458217,0.0220860146318693,0.0011376564277588,0.0021884232708228,0.71211220333047,0.850989811796902,187.175804099591,0.0202192116549799,0.131186602219348,0.954881497221539,0.0312071987161815,0,230.5,-0.0002465157658157,-12.218428193028,0.0029674105600546,0.0030966546577301,337.6,216.971271086432,0.465170656393161,0.93235399063848,161.795174625837,0.020758693361433,0.202845100105374,2372.73666666667,816.181585589601,0.0843950074371079,0.449524671797193,0.0007113755416154,0.342430317532174,7.62229806598407,26.5073947667804,0.54482946422493,0.341296928327645,70,4,12,0.45506257110352,0.0066674265206578,6.31102669865183,4.55209112362895,5.20228560348025,4.1858075571443,3.66666666666666,2.95790671217292,1.38442275068915,0.9825827766393,25.8105327489987,578.057682359628,627.116478687484,71.0818143895363,5.09488149381647,23.8233041166472,0.9825827766393,25.8105327489987,622.25633868443,448.408388898767,684.444839214896,17.6386269697322,49.2231292709043,5.42015954617707,0,0,0,21.858685118632,2.79396727080258,0,3.06543182375175,1526.1390644664,0.151027360022717,0.0394847100205453,0.250725121839718,0.0151877213619405,0.0019366239184424,0.0020568597753008,0.0021208352937405,0.0018915889483596,0.003052460561339,0.0027599921246815,0.000557905726165,0.0047236242350534,0.0001068281603542,0.0014668837366151,0.0015593364408889,0.0018449154811434,0.0101357889682644,0.0097780730350071,0.0119196965130279,0.0019456214639539,0,0.0082966628609431,0.0101357889682644,0.0097780730350071,0.0119196965130279,0.0019456214639539,0,0.0082966628609431,0.0101357889682644,0.0071492523144276,0.0097780730350071,0.0071300393526279,0.0119196965130279,0.0097019704809175,0.0019456214639539,0.0001411756814359,0,0,0.0082966628609431,0.0063299872077007,128,122,0.59375,0.0625,0.2265625,0.421875,0.1015625,0.171875,0.015625,14,55,3,1158,3,0.22753128555176,0,0.0141628403285261,0.0261268835284226,0.0826489038349608,0.953495274682966,0.994434184853437,156.416792929293,9768.06982323232,NA,309,2362.63258232236,560.665910875423,53.2423208191126,2.27531285551763,7.62229806598407,2.50284414106939,11,6.90553757942876,4.74849366221367,2.59965337954939,483.14056373289,194.807885980476,385.156312573156,153.802931058776,1649.57591013543,0.0563984682657379,0.057185267354214,0.0040983672805413,0.0038029345542638,0.0058656792464104,0.0096962853373877,0.0041944873525707,0.0037773545745574,1,NA,NA,NA,NA,NA,NA,NA,NA,NA,NA,NA,NA,NA,NA,NA,NA,NA,NA,NA,NA,NA,NA,NA,0,0,NA,NA,0.009039305876126,0.0082175507964781,0.0189003668318998,0,0,0.0558793454160517,0.0008217550796478,0,0.0016435101592956,0.408412274584966,0.0082175507964781,0,0.0016435101592956,0.0336577184705752,0,0,0,0,0.0378007336637996,0,0.0008217550796478,0.0016435101592956,0.0024652652389434,0,0.0024652652389434,0.18078611752252,0,0.0016435101592956,0,0.0213656320708432,0,0.0123263261947172,0.0158627268038567,"P1","25"
"5","20250703_P2x10",183,144,16,122,36,0,0,0,1,5,2,0,39,0.01,1,0,0.879781420765027,1,1,11,1174,0,0.540885860306644,0,1,NA,0,NA,1,1,1,0.950390909090909,0.0165272727272727,0,483,NA,NA,0.1,0,10,11,-1.77635683940025e-16,1,10,0.1,1,1174,0,NA,0.636363636363636,NA,0.272727272727273,NA,100,1,1,0,0,0,0,0,0.5,0.5,0.5,0.5,0,0,1.45454545454545,4.54545454545454,22.7272727272727,584.75,433.060258509136,68.75,6.25,25,4.54545454545454,22.7272727272727,420.977698010503,NA,549.989898897138,12.5,31.25,6.25,0,0,0,37.5,6.25,0,6.25,420.977698010505,0.185486079974923,0.0240687394524483,0.252738169156054,0.0103463030131738,0.0019284712482468,0.0019856393682541,0.0021363794907568,0.0020273805371468,0.0031011450381679,0.0025644083969465,0.0006188118811881,0.0024752475247524,0,0,0.0017193996696474,0.0018439938486073,0.0101175420324356,0.0098078949501499,0.0123076923076923,0,0,0.0092365420695627,0.0101175420324356,0.0098078949501499,0.0123076923076923,0,0,0.0092365420695627,0.0101175420324356,0.0067451820128479,0.0098078949501499,0.0079399141630901,0.0123076923076923,0.0091973244147157,0,0,0,0,0.0092365420695627,0.0076829890334098,0,0,NA,NA,NA,NA,NA,NA,NA,NA,NA,NA,NA,NA,NA,NA,NA,0.0909090909090909,NA,NA,NA,NA,NA,NA,371,NA,NA,NA,NA,NA,NA,NA,NA,NA,NA,462.027475108464,NA,0,NA,1088.70263961286,0.0608934252953915,0.0405333817062176,0.0039777724474294,0.0040445298734582,0.0062271062271062,0.0075757575757575,0,0.0037732102075265,NA,NA,NA,NA,NA,NA,NA,NA,NA,NA,NA,NA,NA,NA,NA,NA,NA,NA,NA,NA,NA,NA,NA,NA,0,0,NA,NA,0,0,0.0625,0,0,0,0,0,0,0.25,0,0,0,0.0625,0,0,0,0,0,0,0,0,0,0,0,0.375,0,0,0,0.0625,0,0,0.0625,"P2","10"
"6","20250703_P2x15",2179,508,48,328,134,2,0,0,4,46,0,2,1671,0.01,66,0.909090909090909,0.918311151904543,62,64.1447077061045,72,2262.98387096774,638.843221009801,0.60824882071428,0.0235783618496269,0.0161290322580645,0.0043832875681653,0.0796963946869065,0.992743931318411,57.8,0.0294117647058823,1,0.955186290322581,0.0190564516129032,0,225,-9.00119061884164e-05,-1.88483618393735,0.0161290322580645,0.0043477947769979,62,59.3899627921417,0.0796963946869065,0.992743931318411,57.8,0.0294117647058823,1,2148.95238095238,627.023161734456,0.0138888888888888,0.347222222222222,NA,0.472222222222222,NA,33.8709677419355,0.352941176470588,0.338709677419355,1,1,1,1.61290322580645,0.0151515151515151,6.20588235294118,2.58823529411765,1.14285714285714,3.82142857142857,4.76190476190476,3.2258064516129,1.2258064516129,1.98019801980198,22.7722772277228,714.846153846154,390.445671617969,81.5789473684211,1.31578947368421,17.1052631578947,1.98019801980198,22.7722772277228,697.074033733004,NA,614.671311357472,10.5263157894737,53.9473684210526,3.94736842105263,0,0,0,27.6315789473684,0,0,3.94736842105263,697.074033733,0.14890260437765,0.0336031302728465,0.228266964743656,0.0130586863635433,0.0019160346747715,0.0020452145669986,0.0021600915438229,0.0019137921539111,0.0031137002812374,0.0025612695861791,0.0003908285565398,0.0041688379364252,0,0.001578947368421,0.0015816903139548,0.0018586079026808,0.0100718430505664,0.0098825831702544,0.0118961038961039,0.0023809523809523,0,0.0086236933797909,0.0100718430505664,0.0098825831702544,0.0118961038961039,0.0023809523809523,0,0.0086236933797909,0.0100718430505664,0.0070574589578872,0.0098825831702544,0.0073140200286123,0.0118961038961039,0.0098940914158305,0.0023809523809523,0,0,0,0.0086236933797909,0.006482189917538,1,1,1,0,0,1,0,0,0,NA,NA,1,NA,NA,NA,NA,0.0138888888888888,0.0694444444444444,0.0833333333333333,1,1,209,148575,1,309.5,2321.39024390244,636.956018623669,50,6.4516129032258,9.67741935483871,NA,NA,9.75,1.725,2.4390243902439,474.7158118715,37.2677996249916,298.25883613622,NA,1805.41788117536,0.05304746547704,0.0507866578362219,0.0040450075230598,0.0039098335590406,0.0053446553446553,0.0080061983471074,0.0042613636363636,0.0037844937308744,NA,NA,NA,NA,NA,NA,NA,NA,NA,NA,NA,NA,NA,NA,NA,NA,NA,NA,NA,NA,NA,NA,NA,NA,0,0,NA,NA,0,0,0.0657894736842105,0,0,0.0789473684210526,0,0,0,0.394736842105263,0,0.0131578947368421,0,0.0263157894736842,0,0,0,0,0,0,0,0,0,0,0,0.276315789473684,0,0,0,0,0,0,0.0394736842105263,"P2","15"
"7","20250703_P2x20",7864,7598,179,1394,2439,43,0,10,192,1679,59,43,266,0.01,886,0.551918735891648,0.216556459816887,755,548.477319199385,2619,2195.39735099338,554.437858376329,0.608679261964494,0.0217087566326907,0.0013245033112582,0.0014831619025592,0.502205021187795,0.931609793470399,335.218455539911,0.0096463022508038,0,0.952544827000699,0.0222080830442552,0,161.5,-0.0004555747551712,-11.0843343671401,0.0022090951741206,0.0018268004305431,452.8,312.595116876239,0.376422355789501,0.957178322818978,268.990459320145,0.0119072708113803,0.0324552160168598,2114.83227848101,607.101028312712,0.0710194730813287,0.380679648720886,0.0049637266132111,0.428025964108438,7.41721854304635,34.4370860927152,0.457395498392283,0.418543046357616,6,4,4,0.52980132450331,0.0045146726862302,6.1393120371599,3.33706949711047,5.24245291126736,3.80878704486569,1.89873417721519,1.85430463576158,1.28430463576159,2.7601072498817,20.773092897324,714.642694515893,601.034201789713,77.3474965193627,2.37198989326045,20.2805135873769,2.7601072498817,20.773092897324,689.753519693177,491.838179744698,630.635467486218,12.9943794152529,45.995977930181,3.81580982828855,0,0,0,31.3515185891817,1.2375599443098,0,4.60475429278605,1416.21473395571,0.155569697324926,0.0342361680242152,0.252938675814918,0.0165913185433314,0.001924085722775,0.0020553143034151,0.0021447411036173,0.0018945356049639,0.0030694873470186,0.0027001529246746,0.0006173050657306,0.0037398298617642,2.062599907183e-05,0.0009653294962427,0.0015943689315746,0.0017960575517612,0.0100834240108759,0.0098636558051963,0.0119235872541568,0.0042216303061051,0,0.0086339045454378,0.0100834240108759,0.0098636558051963,0.0119235872541568,0.0042216303061051,0,0.0086339045454378,0.0100834240108759,0.0070491257266354,0.0098636558051963,0.0073307222560567,0.0119235872541568,0.0099894275794626,0.0042216303061051,0.0043572121764274,0,0.0009242571283331,0.0086339045454378,0.006434187157995,95,82,0.547368421052632,0.0631578947368421,0.315789473684211,0.463157894736842,0.0210526315789473,0.0842105263157894,0.0526315789473684,4,55,8,2128.33333333333,577.619444117165,0.39735099337748,0,0.0099274532264222,0.0511645666284841,0.0542191676212294,1,1,207.25,148086.75,1,290,2254.25,504.6656758496,47.1523178807947,4.50331125827814,5.29801324503311,0.79470198675496,NA,7.16861871328974,2.79568902036187,1.8348623853211,486.036284647849,225.295450310378,520.083577599694,227.417567483253,1427.791907469,0.0588303210843681,0.0500773852897777,0.0041414497421028,0.0037166247117603,0.005621756320514,0.0083111925600279,0.0027692538368004,0.0037182768177873,3,NA,NA,NA,NA,NA,NA,NA,NA,NA,NA,NA,NA,NA,NA,NA,NA,NA,NA,NA,NA,NA,NA,NA,0,0,NA,NA,0.004125199814366,0,0.0360954983757025,0,0.0010312999535915,0.0381580982828855,0,0,0,0.381580982828856,0,0,0.0030938998607745,0.0340328984685195,0,0,0,0,0.0484710978188005,0,0,0,0.0010312999535915,0,0.0056721497447532,0.265044088073016,0,0.0010312999535915,0,0.010312999535915,0,0.008250399628732,0.0321249935543752,"P2","20"
"8","20250703_P2x25",65158,62791,1064,7860,19087,479,0,137,1456,13085,265,479,2367,0.01,3137,0.555945170545107,0.164308296755579,1895,778.986972524741,24831,2231.5889182058,616.445098748991,0.613527296756969,0.0262687797184053,0.0005277044854881,0.0010934240470047,0.73712985715917,0.851256344837334,358.150063752974,0.0105981601593963,0.0208147865530543,0.951478738595594,0.0326841163460996,0,220,-0.0002825817066848,-12.4969155311758,0.0022446398169284,0.0018803126157917,445.7,303.40462167446,0.380107161545495,0.956311590654475,261.964677032863,0.0134878819810326,0.0369863013698629,2073.87393767705,710.730940612539,0.11058757198663,0.423140429302082,0.0001610889613789,0.370544883411864,8.86543535620052,28.3905013192612,0.543939972020857,0.372559366754617,126,10,25,0.52770448548812,0.0063868985405579,6.3817818233971,4.61067911711342,5.99849768907834,3.98389900543589,1.13314447592068,1.31926121372031,1.29064407741189,2.19398456873204,29.2270727941598,712.55780721738,692.016333686361,75.681670859812,3.5980481013849,20.720281038803,2.19398456873204,29.2270727941598,692.717503478967,552.750920183434,667.837889593504,12.4222663800197,47.796798074079,3.43904345043986,0,0,0,27.884872785733,1.75813714044944,0,6.69888216927891,1549.54380280552,0.15491762597706,0.0377742843856193,0.241960530441271,0.0154910847952172,0.0019313506363994,0.0020590418214928,0.0021308895376916,0.0018874285745074,0.0029931573039924,0.0026982177179518,0.0005177481782201,0.0048968560629544,0.000171116262357,0.0009893875113803,0.0015919515997899,0.0018234299710376,0.0101159281553691,0.0098105325932796,0.0117472098845397,0.0044419976458326,0,0.0086450126836618,0.0101159281553691,0.0098105325932796,0.0117472098845397,0.0044419976458326,0,0.0086450126836618,0.0101159281553691,0.0071641501785163,0.0098105325932796,0.0071001796851195,0.0117472098845397,0.0094656003492652,0.0044419976458326,0.0027719295503507,0,0.0002568724028983,0.0086450126836618,0.0063241901617873,321,282,0.560747663551402,0.0778816199376947,0.289719626168224,0.479750778816199,0.0342679127725856,0.0809968847352024,0.0373831775700934,16,164,17,1442.5,44.5,0.10554089709762,0,0.0163505295799605,0.0367282831943941,0.0424872135636905,0.983957988838363,0.997576975923213,186.674803571429,50860.0577916667,2,273.5,2326.72367312553,530.396567127095,52.401055408971,2.532981530343,5.69920844327176,2.00527704485488,6,6.64423401028655,5.03986414273668,1.43218197135636,424.758998071822,275.877920992753,457.183975937101,323.722923319757,1667.83224054466,0.0589040996505775,0.0568202000829771,0.0041055657164496,0.003788513468583,0.0059527802425212,0.010603076670925,0.0029263494960792,0.0037872509810709,9,2,NA,NA,6,NA,NA,NA,NA,NA,NA,NA,NA,NA,NA,NA,NA,NA,NA,NA,NA,NA,NA,NA,0,0,NA,NA,0.0073596438437418,0.0034072425202508,0.0228966697360857,0.0024532146145806,0.0032709528194408,0.0449756012673112,0.0016354764097204,0,0.0024532146145806,0.402736065893651,0.0008177382048602,0.0008177382048602,0,0.0195348571161049,0,0,0,0,0.0535618524183434,0,0,0,0.0024532146145806,0,0.0151281567899137,0.225286875438987,0.0032709528194408,0,0.0008177382048602,0.0110394657656127,0,0.0126749421753331,0.0391857227275421,"P2","25"
"9","20250703_P3x10",166,137,21,125,18,1,0,0,1,4,0,1,29,0.01,1,0,0.933734939759036,1,1,6,1827,0,0.607006020799124,0,1,NA,0,NA,1,1,1,0.950933333333333,0.01735,0,NA,NA,NA,0.2,0,5,6,0,1,5,0.2,1,NA,NA,NA,0.166666666666667,NA,0.833333333333333,NA,NA,0,0,0,0,0,0,0,NA,NA,NA,NA,NA,0,1.5,8.33333333333333,16.6666666666667,228.666666666667,108.247658429897,66.6666666666667,0,33.3333333333333,8.33333333333333,16.6666666666667,0,NA,405.123437979093,22.2222222222222,55.5555555555556,11.1111111111111,0,0,0,11.1111111111111,0,0,0,0,0.109455468438066,0.0521759227803776,0.371428571428571,0,0.0020529707095961,0.0021003990758244,0.0018990039917839,0.0018085752302703,0.0031806615776081,0.0025445292620865,0.0011001100110011,0.0066006600660065,0,0,0.0014998765924322,0.0019492067108402,0.0107591876208897,0.0087592202318229,0.0127272727272727,0,0,0.0078173858661663,0.0107591876208897,0.0087592202318229,0.0127272727272727,0,0,0.0078173858661663,0.0107591876208897,0.0077087794432548,0.0087592202318229,0.0060085836909871,0.0127272727272727,0.0066889632107023,0,0,0,0,0.0078173858661663,0.005100739607243,0,0,NA,NA,NA,NA,NA,NA,NA,NA,NA,NA,NA,NA,NA,NA,NA,NA,NA,NA,NA,NA,NA,NA,NA,1827,0,100,NA,NA,NA,NA,NA,NA,0,275.162289775118,NA,NA,NA,275.162289775086,0.0389145002555902,0.0550408832745789,0.0040977052850403,0.0038042607720647,0.0054945054945054,0.0094696969696969,0,0.0036739152020653,NA,NA,NA,NA,NA,NA,NA,NA,NA,NA,NA,NA,NA,NA,NA,NA,NA,NA,NA,NA,NA,NA,NA,NA,0,0,NA,NA,0,0,0,0,0,0,0,0,0,0.555555555555555,0,0,0,0.111111111111111,0,0,0,0,0,0,0,0,0,0,0,0.111111111111111,0,0,0,0,0,0,0,"P3","10"
"10","20250703_P3x15",492,446,22,129,126,5,0,0,11,96,5,5,46,0.01,107,0.822429906542056,0.365853658536585,100,99.8384332954214,130,1828.92,489.567966272304,0.595299202900689,0.0215269106467387,0.01,0.0043012586018647,0.156829268292683,0.984367485171417,84.5195530726257,0.032520325203252,0.341463414634146,0.947755083333334,0.0080765,0,103,-3.79797942383429e-05,-1.12035725863303,0.01,0.0042796982726022,100,89.9067871317611,0.156829268292683,0.984367485171417,84.5195530726257,0.032520325203252,0.341463414634146,1806.10869565217,545.640757285727,0.161538461538461,0.323076923076923,NA,0.307692307692308,16,30,0.471544715447154,0.46,2,1,1,1,0.0093457943925233,3.97823129251701,2.4078231292517,5.30567226890756,2.97198879551821,6.52173913043478,5,1.33,3.31125827814569,8.6092715231788,722.965517241379,827.851518535766,75.187969924812,3.00751879699248,21.8045112781955,3.31125827814569,8.6092715231788,653.038325605122,712.436035140465,666.541395002368,12.781954887218,42.8571428571428,3.7593984962406,0,0,0,32.3308270676692,2.25563909774436,0,6.01503759398496,1571.02419874377,0.154919207025203,0.0359998765252337,0.229842004157941,0.017103350610881,0.0019041903190808,0.0020086498947533,0.0021826744515048,0.0019835077753679,0.0027298685645411,0.0026760603799575,0.0006327700439216,0.003722176728951,0,0.0019548872180451,0.0016536185825388,0.0018491863879668,0.0099017084832687,0.0101606429319811,0.0108780108780108,0.0028490028490028,0,0.0089942253794661,0.0099017084832687,0.0101606429319811,0.0108780108780108,0.0028490028490028,0,0.0089942253794661,0.0099017084832687,0.0069672456182092,0.0101606429319811,0.0074948338896836,0.0108780108780108,0.010095379660597,0.0028490028490028,0,0,0,0.0089942253794661,0.0066545760246346,0,0,NA,NA,NA,NA,NA,NA,NA,NA,NA,NA,NA,NA,NA,NA,NA,0.0615384615384615,0.146153846153846,1,1,119,212683,NA,245,1848.35185185185,435.210811302234,31,8,15,NA,NA,2.72453703703704,1.875,3.7037037037037,410.13269693699,348.743777324015,242.670329642684,NA,1931.31217289792,0.0638074679134555,0.0538737910802827,0.0040138812587531,0.0039721907891677,0.0059198865650478,0.0091642228739002,0.0065524193548387,0.0038628960189108,1,NA,NA,NA,NA,NA,NA,NA,NA,NA,NA,NA,NA,NA,NA,NA,NA,NA,NA,NA,NA,NA,NA,NA,0,0,NA,NA,0,0,0.0676691729323308,0,0.0075187969924812,0.105263157894737,0,0,0,0.255639097744361,0,0,0.0075187969924812,0.0225563909774436,0,0,0,0,0.112781954887218,0,0,0,0.0075187969924812,0,0.0300751879699248,0.210526315789474,0,0.0075187969924812,0,0.0075187969924812,0,0,0.0300751879699248,"P3","15"
"11","20250703_P3x20",3473,3334,68,689,1077,10,0,5,80,752,29,10,139,0.01,498,0.588353413654618,0.241289951050965,447,381.606227397304,1000,1960.46308724832,536.188748405905,0.60152155487885,0.0228068568870162,0.0022371364653243,0.0018657612958841,0.377182622470846,0.95702001817113,263.873718136537,0.0136986301369863,0.0368809272918862,0.949008559020522,0.0106593586875466,0,139.5,-0.0003299781530508,-5.67677414940434,0.0022371364653243,0.0018636731460459,447,312.269360831389,0.377182622470846,0.95702001817113,263.873718136537,0.0136986301369863,0.0368809272918861,1904.44221105528,612.473948109386,0.131,0.371,NA,0.297,14.0939597315436,30.4250559284116,0.50263435194942,0.445190156599553,7,3,4,0.67114093959731,0.0080321285140562,4.35795937837222,2.61627861604926,3.39297122037507,3.42368037944961,4.52261306532663,5.59284116331096,1.35570469798658,2.44780417566594,10.2951763858891,722.050536552649,664.413737300735,73.7623762376238,2.8052805280528,23.4323432343234,2.44780417566594,10.2951763858891,619.102230792719,476.524916295961,695.726682608414,12.8712871287129,42.2442244224422,5.77557755775577,0,0,0,31.5181518151815,1.65016501650165,0,5.94059405940594,1659.27551897925,0.162603642286845,0.036756016832256,0.227527378070324,0.0171650628222672,0.0019008860805239,0.0020336785579806,0.0021889744408194,0.0019357871558743,0.0029748370829449,0.0026232547600452,0.0008087442407607,0.0040850336801714,0.0004620462046204,0.0013366336633663,0.001643120540339,0.0018252678814289,0.0099352886222187,0.0101057611664265,0.0114963347763347,0.0039682539682539,0,0.0088180410375532,0.0099352886222187,0.0101057611664265,0.0114963347763347,0.0039682539682539,0,0.0088180410375532,0.0099352886222187,0.007073788957386,0.0101057611664265,0.0072812899437799,0.0114963347763347,0.0097100976890954,0.0039682539682539,0.0042372881355932,0,0,0.0088180410375532,0.0065826557562711,44,32,0.5,0.0909090909090909,0.272727272727273,0.295454545454545,0.0454545454545454,0.204545454545455,0.0909090909090909,1,10,7,NA,NA,NA,NA,0.008,0.077,0.116,0.997844827586207,0.99939197405756,190,37446.75,1,237,2005.41532258064,461.136246667972,34.4519015659955,7.82997762863534,12.9753914988814,0.22371364653243,1,5.23829945233454,1.87970156873666,6.4516129032258,589.685201758075,294.759761325691,381.091219459433,0,2003.43417145364,0.0616385524345779,0.0567425138769504,0.0040568162455248,0.0038861763923147,0.0055759015935141,0.009457836683864,0.0043343321917808,0.0038407832763115,NA,NA,NA,NA,2,NA,NA,NA,NA,NA,NA,NA,NA,NA,NA,NA,NA,NA,NA,NA,NA,NA,NA,NA,0,0,NA,NA,0.0016501650165016,0,0.0594059405940594,0,0.0033003300330033,0.100660066006601,0,0,0.0099009900990099,0.260726072607261,0,0,0,0.0445544554455445,0,0,0,0,0.0841584158415841,0,0,0.0066006600660066,0.0016501650165016,0,0.0165016501650165,0.231023102310231,0,0.0016501650165016,0.0016501650165016,0.0049504950495049,0,0.0115511551155115,0.0313531353135313,"P3","20"
"12","20250703_P3x25",172365,168626,3156,20146,52811,1696,0,387,5257,39158,1195,1697,3739,0.01,3798,0.551079515534492,0.148411800539553,1501,687.865890166707,50000,2169.87608261159,647.001640301276,0.610378057010847,0.0251385186856002,0.0006662225183211,0.0012639101117464,0.728906709056704,0.85625467615915,326.538537222329,0.011137076570033,0.0327796374660519,0.948865329954617,0.0220599396428132,0.000542925912599,195,-0.0003912452102359,-14.749714502724,0.002446657865888,0.0020330960965353,409,282.863097757676,0.390210306368791,0.955009026695512,242.315596165763,0.0140147523709167,0.0468914646996838,1976.33134920635,748.591828385245,0.11932,0.3453,0.00382,0.3215,11.5922718187875,21.9853431045969,0.470767805638013,0.335776149233844,339,16,74,1.06595602931379,0.0170919386040327,6.76631136247146,4.39085433982612,5.31426096957995,3.94794065257005,2.18253968253968,1.66555629580279,1.36607210281302,4.2616586279372,20.7537522187744,590.70019253324,543.254052638891,73.0075014249248,6.29122757769892,20.7012709973763,4.2616586279372,20.7537522187744,644.796448123882,499.272692403943,610.65062812635,13.923696079792,49.7445901492473,5.51092028124014,0.14630761808602,0,0,23.1166036575914,3.26753680392114,0,4.29034541012195,1698.1664340252,0.144781827974243,0.038649873501668,0.237168334035306,0.0160569838399053,0.00192737389177,0.0020470213910964,0.0021384717531523,0.0019103471930483,0.0030098469916066,0.0026916180686292,0.0006565112485441,0.0052029786847245,0.0001276048109169,0.0016311554096796,0.0016262923311263,0.0018642998430508,0.010063578064282,0.0098960910667002,0.0116580323331226,0.0021814550870446,0,0.0087465497949767,0.010063578064282,0.0098960910667002,0.0116580323331226,0.0021814550870446,0,0.0087465497949767,0.010063578064282,0.0071255053618652,0.0098960910667002,0.0071776351760039,0.0116580323331226,0.0095894211942055,0.0021814550870446,0.0031721363393872,0,0.0020560142940472,0.0087465497949767,0.0062398714658965,371,309,0.525606469002695,0.102425876010782,0.288409703504043,0.431266846361186,0.0404312668463611,0.0943396226415094,0.0431266846361186,25,205,19,1663.5,218.5,0.13324450366422,0,0.00582,0.07564,0.1286,0.975399170190357,0.977276372691726,164.910155369366,67321.0387251104,8,270,2268.93065326633,564.127098383626,46.8354430379747,6.06262491672218,12.3917388407728,0.99933377748167,20,7.4713358300944,4.60590540698557,1.40703517587939,476.574478431848,328.491605046741,444.15174296988,323.010948211295,1874.90481225997,0.0577476578799612,0.0540766641970382,0.0040685236907768,0.0038627221206877,0.0058439199812231,0.0103313924103312,0.0041224032261081,0.0038256372646026,28,NA,NA,NA,18,NA,NA,NA,NA,NA,NA,NA,0,0.100346020761246,0.0995260663507109,0.0526315789473684,0.0980926430517711,NA,NA,0.0777777777777777,0.043010752688172,NA,NA,NA,0,0,NA,NA,0.0058523047234408,0,0.0512076663301075,0,0.0053646126631541,0.0643753519578494,0,0.0034138444220071,0.0048769206028673,0.376010578481075,0.0019507682411469,0.0014630761808602,0.0156061459291756,0.0224338347731899,0,0,0,0,0.0692522725607168,0.0004876920602867,0.0004876920602867,0.0029261523617204,0.0014630761808602,0,0.0125768194692332,0.161913764015197,0,0.0014630761808602,0.0102415332660215,0.0156061459291756,0,0.0078030729645878,0.0225235616673985,"P3","25"
"13","20250703_P4x05",165,121,20,117,12,0,0,0,0,1,0,0,44,0.01,1,0,0.975757575757576,1,1,2,459,0,0.457516339869281,0,1,NA,0,NA,1,1,1,0.9457,0,0,NA,NA,NA,1,0,1,2,0,NA,1,1,1,459,0,0.5,NA,NA,NA,100,NA,1,1,0,0,0,0,0,NA,NA,NA,NA,0,0,1,0,0,NA,NA,100,0,0,0,0,NA,0,150,0,50,0,0,0,0,50,0,0,0,0,0.154352806414662,0.0154639175257731,0.277777777777778,0,0.0020428074882614,0.0019513384962497,0.0019183815835367,0.0020927799093128,0.0023854961832061,0.0023854961832061,0,0.0049504950495049,0,0,0.0016802414991171,0.0019650281938827,0.0107994842037395,0.0086933614330874,0.009090909090909,0,0,0.0092245153220762,0.0107994842037395,0.0086933614330874,0.009090909090909,0,0,0.0092245153220762,0.0107994842037395,0.0066381156316916,0.0086933614330874,0.0081545064377682,0.009090909090909,0.0100334448160535,0,0,0,0,0.0092245153220762,0.0073960724305024,0,0,NA,NA,NA,NA,NA,NA,NA,NA,NA,NA,NA,NA,NA,NA,NA,NA,0.5,NA,NA,NA,NA,NA,NA,NA,NA,NA,NA,NA,NA,NA,NA,NA,NA,NA,0,NA,NA,0,0.0309278350515463,0.0309278350515463,0.0039577836411609,0.0040845747236905,0.0043956043956043,0.0113636363636363,0,0.003971800218449,NA,NA,NA,NA,NA,NA,NA,NA,NA,NA,NA,NA,NA,NA,NA,NA,NA,NA,NA,NA,NA,NA,NA,NA,0,0,NA,NA,0,0,0,0,0,0.5,0,0,0,0,0,0,0,0,0,0,0,0,0.5,0,0,0,0,0,0,0,0,0,0,0,0,0,0,"P4","05"
"14","20250703_P4x10",322,284,35,253,77,0,0,1,1,6,1,0,38,0.01,1,0,0.903726708074534,1,1,15,873,0,0.529209621993127,0,1,NA,0,NA,1,1,1,0.95068,0.0048533333333333,0,NA,NA,NA,0.0714285714285714,1.38777878078145e-17,14,15,-1.26882631385732e-16,1,14,0.0714285714285714,1,NA,NA,NA,0.2,NA,0.466666666666667,NA,NA,0,0,0,0,0,0,0,114,2,NA,NA,NA,0,1.13333333333333,0,0,870.5,359.5,88.2352941176471,0,11.7647058823529,0,0,143.372087784043,NA,533.581428906815,11.7647058823529,70.5882352941176,0,0,0,0,17.6470588235294,0,0,0,143.372087784045,0.127457592600947,0.0601158902675248,0.263034705407587,0.04212271973466,0.0019764476313118,0.0020266659014358,0.0020449058590998,0.0019491577586737,0.0033116299955096,0.0024696901661427,0.0011648223645894,0.0046592894583576,0,0,0.0015814037638749,0.0020471137706093,0.0104486668942238,0.0092667203867848,0.0126203208556149,0.0196078431372548,0,0.0086818967737188,0.0104486668942238,0.0092667203867848,0.0126203208556149,0.0196078431372548,0,0.0086818967737188,0.0104486668942238,0.0067094932191291,0.0092667203867848,0.0080114449213161,0.0126203208556149,0.007803790412486,0.0196078431372548,0,0,0,0.0086818967737188,0.0072260477769276,0,0,NA,NA,NA,NA,NA,NA,NA,NA,NA,NA,NA,NA,NA,NA,NA,0.0666666666666666,0.266666666666667,NA,NA,NA,NA,NA,NA,873,0,100,NA,NA,NA,NA,114,2,0,420.398256273205,160.078105935821,0,NA,1972.95516505909,0.0794458861390842,0.0600244444473861,0.0040577276725033,0.0038843504725292,0.0054945054945054,0.0075757575757575,0,0.0039138781319299,NA,NA,NA,NA,NA,NA,NA,NA,NA,NA,NA,NA,NA,NA,NA,NA,NA,NA,NA,NA,NA,NA,NA,NA,0,0,NA,NA,0,0,0.0588235294117647,0,0,0.235294117647059,0,0,0,0.411764705882353,0,0,0,0,0,0,0,0,0,0,0,0,0,0,0,0.176470588235294,0,0,0,0,0,0,0,"P4","10"
"15","20250703_P4x15",940,763,79,535,193,7,0,0,5,66,2,7,177,0.01,79,0.835443037974684,0.764893617021277,74,74.5108429505734,94,1959.56756756757,568.113190117933,0.598609283892321,0.0238470782472416,0.0135135135135135,0.0052536078503435,0.142271484968115,0.985866332304338,64.3983739837398,0.0337078651685393,1,0.948753378378378,0.0056851351351351,0,107.5,-3.74226078011179e-05,1.29878510888105,0.0135135135135135,0.0052179897593196,74,68.397498899168,0.142271484968115,0.985866332304338,64.3983739837398,0.0337078651685393,1,2092.94117647059,657.361837023634,0.0744680851063829,0.329787234042553,NA,0.446808510638298,8.1081081081081,37.8378378378378,0.415730337078652,0.459459459459459,0,0,0,0,0,8.29699453551913,4.06857923497268,15.0689655172414,6.31034482758621,2.94117647058823,8.1081081081081,1.2027027027027,1.04166666666666,6.24999999999999,568.7,505.069972050078,83.1460674157303,5.61797752808988,11.2359550561798,1.04166666666666,6.24999999999999,626.337319261754,356.682242650545,406.578854908584,4.4943820224719,44.9438202247191,3.37078651685393,0,0,0,38.2022471910112,4.4943820224719,0,4.4943820224719,1340.72330801618,0.153849051210493,0.0344779473866097,0.239279368946223,0.0182957806002148,0.0019205062517514,0.0020479461956778,0.0021515658618216,0.0019085839247853,0.0034093833090316,0.0026588901277982,0.0006674824785849,0.0037824007119813,0,0.0006741573033707,0.0016024851318946,0.0018213549062987,0.010047281323877,0.0099227256761503,0.0132400932400932,0.0042735042735042,0,0.0086632671060438,0.010047281323877,0.0099227256761503,0.0132400932400932,0.0042735042735042,0,0.0086632671060438,0.010047281323877,0.0071573875802997,0.0099227256761503,0.0071137339055794,0.0132400932400932,0.0096153846153846,0.0042735042735042,0.0035714285714285,0,0,0.0086632671060438,0.0064588115276715,0,0,NA,NA,NA,NA,NA,NA,NA,NA,NA,NA,NA,NA,NA,NA,NA,0.0319148936170212,0.117021276595745,NA,NA,NA,NA,NA,265,1846.2,449.237086625759,40.5405405405405,2.7027027027027,10.8108108108108,NA,NA,2.15989583333333,2.03697916666667,12.5,373.304106163689,181.89540263569,381.608438061843,NA,1629.2823573586,0.0626332837539071,0.0507509029450619,0.0040430692145731,0.0039137166960328,0.0058119658119658,0.0083333333333333,0.0020833333333333,0.003839406877834,NA,NA,NA,NA,NA,NA,NA,NA,NA,NA,NA,NA,NA,NA,NA,NA,NA,NA,NA,NA,NA,NA,NA,NA,0,0,NA,NA,0,0,0.0337078651685393,0,0,0.0561797752808988,0,0,0,0.359550561797753,0,0,0.0112359550561797,0.0224719101123595,0,0,0,0,0.0674157303370786,0,0,0,0,0,0,0.314606741573034,0,0.0112359550561797,0.0224719101123595,0.0112359550561797,0,0,0.044943820224719,"P4","15"
"16","20250703_P4x20",5803,5515,145,1184,1795,97,0,4,54,1014,21,97,288,0.01,770,0.576623376623377,0.270377391004653,675,530.229767760403,1889,2191.15851851852,572.877888919288,0.607157802235289,0.0222439102928626,0.0014814814814814,0.0014492287089801,0.448054832982368,0.944697468108556,345.177606177606,0.0133779264214046,0.0133779264214046,0.952425672301361,0.0169044320987654,0,144,-0.0005278527287479,-12.3260762185716,0.0020904218565383,0.0016703010763611,478.6,344.740866677582,0.360728834301504,0.960444832771027,292.221529335777,0.0140147523709167,0.016122233930453,2088.98983050847,622.827361257098,0.150344097406035,0.36791953414505,NA,0.326627845420858,13.3333333333333,30.3703703703704,0.523411371237458,0.437037037037037,9,2,4,0.29629629629629,0.0051948051948051,5.94970161004598,3.43183040291107,5.45537464372056,4.3778250676676,1.69491525423728,2.37037037037037,1.30345679012346,1.45152145152145,18.7299187299187,674.847888501742,627.192515230965,76.7190755824967,3.86436825156279,19.4165561659405,1.45152145152145,18.7299187299187,616.558610094661,507.309672447259,624.948392713005,13.1274862663383,45.1221822314832,1.93218412578139,0,0,0,31.5968933510134,2.38681568478878,0,5.83443834059481,1618.67280574666,0.170671915503793,0.0320647467000668,0.255148357939478,0.0163824925924233,0.0019324098712437,0.0020565297710313,0.0021288699594783,0.0018922181472917,0.0030472249358221,0.0026662161738183,0.0004493800393488,0.0037387182552314,0.0001363894677022,0.0010055566079434,0.001565441472376,0.001779792775652,0.0101522133780198,0.0097512297689054,0.0117704121726892,0.0045540796963946,0,0.0084965370682962,0.0101522133780198,0.0097512297689054,0.0117704121726892,0.0045540796963946,0,0.0084965370682962,0.0101522133780198,0.0071137548864462,0.0097512297689054,0.0072011865580668,0.0117704121726892,0.0098116577271975,0.0045540796963946,0,0,0,0.0084965370682962,0.0063626819625252,45,30,0.733333333333333,0.0666666666666666,0.177777777777778,0.555555555555556,0.0222222222222222,0.177777777777778,0,2,15,11,NA,NA,NA,NA,0.0089994706193753,0.0407623080995235,0.105346744309158,0.977513227513227,0.84375,180.083333333333,85296.375,NA,237,2270.47368421053,517.135680905286,42.0740740740741,4.29629629629629,9.33333333333333,0.59259259259259,NA,6.4741987668044,2.42809897457785,2.89473684210526,406.646373282074,344.916670186457,450.862168982266,117.260393995585,1724.31178496444,0.0594864301852501,0.049704748878077,0.0041142614273535,0.0037710927964261,0.0056844797830374,0.0090071662869958,0.0033230251736111,0.0037680494249789,3,1,NA,NA,NA,NA,NA,NA,NA,NA,NA,NA,NA,NA,NA,NA,NA,NA,NA,NA,NA,NA,NA,NA,0,0,NA,NA,0.0034097366925554,0,0.036370524720591,0,0.0034097366925554,0.0738776283387005,0,0,0.0045463155900738,0.337563932562985,0.0011365788975184,0.0011365788975184,0.0011365788975184,0.0079560522826292,0,0,0,0,0.0795605228262928,0,0.0011365788975184,0.0056828944875923,0.0045463155900738,0,0.0056828944875923,0.236408410683842,0,0.0011365788975184,0.0022731577950369,0.0090926311801477,0,0.0113657889751846,0.041295699943171,"P4","20"
"17","20250703_P4x25",33436,32191,2039,6693,7843,734,0,6,356,8805,118,736,1245,0.01,1620,0.548765432098765,0.25936116760378,1130,566.819027174026,9798,2179.97433628319,603.119086155244,0.609274376537253,0.0231648953317819,0.0008849557522123,0.0015100197181125,0.679486101973371,0.87321949784675,289.079511254363,0.0128921357971637,0.0128921357971637,0.951093859402076,0.0227787220552071,2.06187862601763e-05,155,-0.0004326357643791,-13.7360697005562,0.002515139041529,0.002226543881228,397.9,263.009308014486,0.411708214037119,0.949228206133064,223.13006990718,0.0136986301369862,0.0643835616438355,2094.39012345679,702.960758542468,0.108593590528679,0.341498264952031,0.0023474178403755,0.302204531537048,10,25.8407079646018,0.455629565964762,0.358407079646018,63,8,25,0.70796460176991,0.0149382716049382,6.36792850823332,4.053640278447,5.60581164212093,4.43965083184025,2.96296296296296,3.36283185840707,1.30065392283746,2.14167507293736,22.913009781423,781.13296567564,722.184163783268,76.6122455400982,4.76275061084091,18.6250038490609,2.14167507293736,22.913009781423,650.202446886631,528.515971924243,681.736422571431,12.5953306487843,50.0769207082702,3.47000401646981,0,0,0,26.535324831828,2.72157177762338,0,4.60084801702434,1550.85172701345,0.140385558932971,0.0351137810702468,0.241944971412836,0.0138395084053702,0.0019082759226547,0.0020502534685386,0.0021748846813607,0.0019041847889123,0.0030328284696136,0.0026135348609404,0.0006348190695667,0.0044029974964425,0.0003044758426216,0.0013108904062219,0.0016168263976252,0.0018299793189939,0.0100020842555155,0.0099965935929351,0.0117807797360586,0.0029554918676304,0,0.0086798089024283,0.0100020842555155,0.0099965935929351,0.0117807797360586,0.0029554918676304,0,0.0086798089024283,0.0100020842555155,0.0072011689453996,0.0099965935929351,0.0070259832725252,0.0117807797360586,0.0096487705756957,0.0029554918676304,0.001467849753568,0,0.0013699931033301,0.0086798089024283,0.0060971612860808,493,406,0.620689655172414,0.0892494929006085,0.231237322515213,0.515212981744422,0.0304259634888438,0.105476673427992,0.0283975659229208,23,275,24,1988,17,0.17699115044247,0,0.0204123290467442,0.0494998979383547,0.175443968156767,0.978803067119017,0.999981625622532,185.893101449275,107060.255536232,1,402,2228.44674965422,534.001127608827,46.0176991150442,3.53982300884955,12.6548672566372,1.76991150442477,1,6.89600948632695,3.78616839893042,3.59612724757952,429.601760725375,332.691096911907,460.724161078621,301.977299239857,1933.69884891372,0.0556855116368538,0.0497517863385352,0.0040702929785706,0.0038591775936275,0.0054960394309802,0.0092218748718188,0.0034591687552213,0.0037859202166793,22,NA,NA,NA,1,NA,NA,NA,NA,NA,NA,NA,NA,NA,NA,NA,NA,NA,NA,NA,NA,NA,NA,NA,0,0,NA,NA,0.0081647153328701,0,0.0381020048867273,0,0.0027215717776233,0.0918530474947891,0,0,0.0074843223884643,0.362649439368316,0.0027215717776233,0.0102058941660876,0,0.0115666800548993,0,0,0,0,0.0666785085517728,0.0006803929444058,0,0.0020411788332175,0,0,0.0068039294440584,0.198674739766507,0.0034019647220292,0.0006803929444058,0.004082357666435,0.0163294306657402,0,0.0074843223884643,0.0317202283377207,"P4","25"
"18","20250703_P5x10",241,215,37,204,41,0,0,0,0,3,1,0,26,0.01,1,0,0.954356846473029,1,1,2,2123,0,0.623645784267546,0,1,NA,0,NA,1,1,1,0.96035,0.03945,0,154,NA,NA,1,0,1,2,0,NA,1,1,1,NA,NA,NA,NA,NA,1,NA,NA,0,0,0,0,0,0,0,NA,NA,NA,NA,NA,0,1,0,50,NA,NA,100,0,0,0,50,NA,NA,0,0,100,0,0,0,0,0,0,0,0,NA,0.0179305457122608,0.0490816019271303,NA,NA,0.0019513384962497,0.0021037868162692,0.0020927799093128,0.0018021160330194,0.0038167938931297,0.0028625954198473,0,0.0148514851485148,0,0,0.0020504642023124,0.0021643788802187,0.0103159252095422,0.0094836670179135,0.0145454545454545,0,0,0.0112570356472795,0.0103159252095422,0.0094836670179135,0.0145454545454545,0,0,0.0112570356472795,0.0103159252095422,NA,0.0094836670179135,NA,0.0145454545454545,NA,0,NA,0,NA,0.0112570356472795,NA,0,0,NA,NA,NA,NA,NA,NA,NA,NA,NA,NA,NA,NA,NA,NA,NA,NA,NA,NA,NA,NA,NA,NA,NA,2123,0,100,NA,NA,NA,NA,NA,NA,0,250,NA,NA,NA,250,0.0179305457122608,0.0490816019271303,0.0041376828975773,0.0037241710716001,0.0065934065934065,0.0170454545454545,0,0.0037732102075265,NA,NA,NA,NA,NA,NA,NA,NA,NA,NA,NA,NA,NA,NA,NA,NA,NA,NA,NA,NA,NA,NA,NA,NA,0,0,NA,NA,0,0,0,0,0,0,0,0,0,1,0,0,0,0,0,0,0,0,0,0,0,0,0,0,0,0,0,0,0,0,0,0,0,"P5","10"
"19","20250703_P5x15",734,650,65,410,144,1,0,0,10,61,6,1,84,0.01,99,0.909090909090909,0.674386920980926,93,95.5227531160505,109,2045.68817204301,546.893002813865,0.607181136363942,0.0232790235655738,0.010752688172043,0.0033456017398072,0.0885269861154609,0.991717276235938,84.872,0.029126213592233,0.184466019417476,0.948029211469534,0.0167569892473118,0,142.5,-5.12993033393305e-05,-1.25752301014004,0.010752688172043,0.0033275660195237,93,86.5511449257698,0.0885269861154609,0.991717276235938,84.872,0.029126213592233,0.184466019417476,1888.30303030303,455.533352725531,0.100917431192661,0.284403669724771,NA,0.477064220183486,10.752688172043,24.7311827956989,0.378640776699029,0.354838709677419,1,1,1,1.0752688172043,0.0101010101010101,7,3.35416666666667,2.94,5.4,9.09090909090909,8.6021505376344,1.18279569892473,0.72727272727272,19.2727272727273,635.78125,556.797805220564,83.6363636363637,1.81818181818181,14.5454545454545,0.72727272727272,19.2727272727273,575.371461464898,164.392822227736,488.602482969163,8.18181818181818,54.5454545454546,4.54545454545454,0,0,0,29.0909090909091,0.9090909090909,0,2.72727272727272,1621.61598283695,0.148798239748032,0.0422545140450482,0.254787611358861,0.0164274556222853,0.0019347077704294,0.0020544489963356,0.0021244886958176,0.0018961854329834,0.0029406662040249,0.0026804302567661,0.0002700270027002,0.005040504050405,0.0003636363636363,0.001090909090909,0.0016173295292734,0.0019044462969962,0.0101276085055314,0.0097914427902221,0.0114851485148514,0.0033003300330033,0,0.0087755961337221,0.0101276085055314,0.0097914427902221,0.0114851485148514,0.0033003300330033,0,0.0087755961337221,0.0101276085055314,0.0070901736854627,0.0097914427902221,0.0072484501669051,0.0114851485148514,0.0098476402824228,0.0033003300330033,0,0,0,0.0087755961337221,0.0067018050950721,6,6,1,0,0,0.666666666666667,0,0.333333333333333,0,NA,1,3,NA,NA,NA,NA,NA,0.0458715596330275,0.091743119266055,1,1,112,86576,NA,269,2132.25,573.014125044052,51.6129032258064,3.2258064516129,9.67741935483871,NA,NA,9.9,1.89285714285714,8.33333333333333,441.539249596471,73.7027731190091,47.1404520790911,NA,1391.52862503892,0.0581053059637694,0.0571682906125205,0.0040961676845581,0.0038073411451595,0.0058833474218089,0.0094405594405594,0.0028846153846153,0.003750295975497,1,NA,NA,NA,NA,NA,NA,NA,NA,NA,NA,NA,NA,NA,NA,NA,NA,NA,NA,NA,NA,NA,NA,NA,0,0,NA,NA,0,0,0.0272727272727272,0,0,0.0818181818181818,0,0,0,0.436363636363636,0,0,0,0.0454545454545454,0,0,0,0,0.0818181818181818,0,0,0,0,0,0,0.209090909090909,0,0,0,0.009090909090909,0,0.009090909090909,0.0181818181818181,"P5","15"
"20","20250703_P5x20",4914,4753,83,929,1375,95,0,11,126,1210,14,95,161,0.01,552,0.550724637681159,0.241147741147741,474,352.406586623378,1545,2141.44092827004,538.890109677288,0.610481378186595,0.0209494862294185,0.0021097046413502,0.0023038057689817,0.486355229967872,0.930726129962636,216.44262295082,0.016359918200409,0.0783912747102931,0.950944402532643,0.0219148101265822,0,140,-0.0005183163268893,-17.3732882411415,0.0026228302185126,0.0024738553162459,381.4,260.861920713926,0.42580914303133,0.944612794290075,201.779545659756,0.0177028451001053,0.102845100105374,2060.58450704225,624.645817874527,0.0601941747572815,0.313915857605178,0.0019417475728155,0.442071197411003,5.27426160337552,24.6835443037975,0.373551465576005,0.29957805907173,0,0,0,0,0,5.72564001503332,3.21295667446552,4.8302877682841,4.53368572843115,0,1.89873417721519,1.33996383363472,3.73701203738147,20.5118229860316,684.92358779643,643.205048675866,74.4714349977508,6.77013045434098,18.7584345479082,3.73701203738147,20.5118229860316,620.613365058406,697.454085521454,607.69895912662,10.391363022942,54.0035987404408,6.14035087719298,0,0,0,20.4678362573099,4.09356725146198,0,4.90328385065227,1349.58135755577,0.127680909031906,0.0395412843146653,0.232506044774346,0.0126962241290597,0.0019124653496903,0.0020560052440458,0.0021668969573803,0.0018932182307744,0.0028982802483574,0.0026559990739882,0.000498835308632,0.0050114609088581,0.000204678362573,0.001464237516869,0.0016494070142992,0.0018915839499511,0.0099710038910156,0.0100473898472441,0.0112312557409715,0.0012368583797155,0,0.0088134675543965,0.0099710038910156,0.0100473898472441,0.0112312557409715,0.0012368583797155,0,0.0088134675543965,0.0099710038910156,0.0071272232039577,0.0100473898472441,0.007174192119106,0.0112312557409715,0.0099584746759176,0.0012368583797155,0.0015860428231562,0,0.0009251916468411,0.0088134675543965,0.0064604661454297,101,70,0.584158415841584,0.0495049504950495,0.227722772277228,0.435643564356436,0.0792079207920792,0.148514851485149,0.0594059405940594,9,36,11,1635,0,0.21097046413502,0,0.0090614886731391,0.0763754045307443,0.0964401294498382,NA,NA,NA,NA,NA,339,2177.6586102719,493.541013894136,53.5864978902954,5.90717299578059,9.70464135021097,0.63291139240506,NA,6.2418379940265,2.45151594437309,2.71903323262839,465.447548103163,255.340151585558,456.665402414321,311.488362543452,1651.09138627266,0.057289946463916,0.0546109553661663,0.0040984044245419,0.0038028601413189,0.0056655353460347,0.0093328567892995,0.0035748714652956,0.0037712703322061,NA,NA,NA,NA,NA,NA,NA,NA,NA,NA,NA,NA,NA,NA,NA,NA,NA,NA,NA,NA,NA,NA,NA,NA,0,0,NA,NA,0.0047233468286099,0.0015744489428699,0.0519568151147098,0,0,0.0440845704003598,0,0.0031488978857399,0.0062977957714799,0.439271255060729,0,0,0.0141700404858299,0.0362123256860098,0,0,0,0,0.0251911830859199,0,0,0,0.0047233468286099,0,0.0047233468286099,0.179487179487179,0,0.0047233468286099,0.0110211426000899,0.0204678362573099,0,0.0094466936572199,0.0348627980206927,"P5","20"
"21","20250703_P5x25",85782,83745,1630,12418,23512,1460,0,244,1237,21287,891,1461,2037,0.01,3127,0.550367764630636,0.185528432538295,1680,625.958056128756,28928,2311.70535714286,621.070254802041,0.61556212278959,0.0229649348419419,0.000595238095238,0.0013478422197881,0.758662110271857,0.832974831429055,274.315192529613,0.0099705250900622,0,0.952938218473679,0.0277392251500835,0.0002939113889621,171,-0.000154439078175,-9.97786998890786,0.0025224591870703,0.0023162565942117,396.8,266.440879221559,0.41980899474851,0.946423707702087,215.159660929012,0.0143308746048471,0.0795574288724973,2196.163003663,713.402334599645,0.0827226216814159,0.417899612831858,0.0001037057522123,0.357508296460177,7.5,25,0.509406499035697,0.325,34,6,25,0.35714285714285,0.0075608753255059,7.99112922971947,4.4673372936604,10.0858355826453,3.81235900695874,1.09890109890109,1.84523809523809,1.36154737542973,2.01067352285241,25.9601584179077,576.875543371869,521.6310349216,73.1835402432532,4.45921212951722,22.3572476272296,2.01067352285241,25.9601584179077,657.70242988742,363.428445088576,590.151791280768,15.705869228673,50.8000440637158,3.32255021415008,0,0,0,22.3834961795374,2.62306595853954,0,5.16497435538419,1498.49772796392,0.148844762675721,0.0386208213279958,0.251075925918427,0.0175994899041917,0.0019328382615557,0.0020527133198501,0.0021280531739038,0.0018994947410507,0.0029687248432568,0.0026900271270472,0.0007633542519999,0.0046814535361729,1.923581702929e-05,0.0013979171878419,0.0016029262036123,0.0018387727089722,0.0101063729922639,0.0098261490927278,0.0114363537246352,0.0051654334057417,0,0.0087044483514116,0.0101063729922639,0.0098261490927278,0.0114363537246352,0.0051654334057417,0,0.0087044483514116,0.0101063729922639,0.0071494439746204,0.0098261490927278,0.0071296552096662,0.0114363537246352,0.0096282506012856,0.0051654334057417,0.0014645410352486,0,0.0004422927361066,0.0087044483514116,0.0062211290718428,491,405,0.531568228105906,0.0997963340122199,0.268839103869654,0.39918533604888,0.054989816700611,0.132382892057026,0.0448065173116089,42,246,21,991,4,0.11904761904761,0,0.0022469579646017,0.0674778761061946,0.0720409292035398,0.988267889494256,0.960422057403047,146.266666666667,62955.5133333333,NA,323,2369.76855123675,560.43477046293,57.5595238095238,4.22619047619047,5.53571428571428,0.0595238095238,7,6.9459671686885,4.79414131328037,2.20848056537102,411.505805472234,262.697716523678,500.044502207855,1.52587890625e-05,1350.2027893112,0.0565458265755672,0.0552117027704178,0.004097445523708,0.0038047811685061,0.0057188545496136,0.0096910578026024,0.0038980553380214,0.0037569331456102,14,NA,NA,NA,4,NA,NA,NA,NA,NA,NA,NA,NA,NA,NA,NA,NA,NA,NA,NA,NA,NA,NA,NA,0,0,NA,NA,0,0,0.0358485681000404,0,0.0004371776597565,0.0279793702244217,0,0,0,0.444172502312696,0.0004371776597565,0,0.0069948425561054,0.0253563042658822,0,0,0,0,0.0428434106561458,0,0,0.0008743553195131,0,0,0.0026230659585395,0.180991551139228,0,0.0048089542573224,0.0065576648963488,0.0139896851122108,0,0.0109294414939147,0.0380972361013876,"P5","25"
"22","20250703_P6x10",640,535,78,520,67,1,0,0,0,6,0,1,105,0.01,1,0,0.978125,1,1,5,1157,0,0.542783059636992,0,1,NA,0,NA,1,1,1,0.95324,0.00548,0,NA,NA,NA,0.25,0,4,5,0,1,4,0.25,1,1157,0,NA,0.6,NA,0.4,NA,100,1,1,0,0,0,0,0,NA,NA,NA,NA,0,0,1.2,0,14.2857142857143,1823,0,83.3333333333333,0,16.6666666666667,0,14.2857142857143,965.194280961092,NA,263.43879744639,0,33.3333333333333,0,0,0,0,50,0,0,16.6666666666667,965.194280961092,0.190262704769796,0.0197071141467802,0.159997613736001,0.0145386064030131,0.0020123178242575,0.0019919913815883,0.0019765143587954,0.0020152695423012,0.0030216284987277,0.0028625954198473,0,0,0,0,0.0014239334738281,0.0017182130584192,0.0105738233397807,0.0090621707060063,0.0109090909090909,0,0,0.0080050031269543,0.0105738233397807,0.0090621707060063,0.0109090909090909,0,0,0.0080050031269543,0.0105738233397807,0.0070128479657387,0.0090621707060063,0.0074034334763948,0.0109090909090909,0.011705685618729,0,0,0,0,0.0080050031269543,0.0068222392246875,0,0,NA,NA,NA,NA,NA,NA,NA,NA,NA,NA,NA,NA,NA,NA,NA,NA,NA,NA,NA,NA,NA,NA,NA,NA,NA,NA,NA,NA,NA,NA,NA,NA,NA,300,NA,NA,NA,300,0.0807916937053861,0.0373134328358208,0.0038978172223554,0.0042047092743873,0.0043956043956043,0,0,0.0036739152020653,NA,NA,NA,NA,NA,NA,NA,NA,NA,NA,NA,NA,NA,NA,NA,NA,NA,NA,NA,NA,NA,NA,NA,NA,0,0,NA,NA,0,0,0,0,0,0,0,0,0,0.333333333333333,0,0,0,0,0,0,0,0,0,0,0,0,0,0,0,0.5,0,0,0,0,0,0,0.166666666666667,"P6","10"
"23","20250703_P6x15",662,519,25,217,194,2,0,2,6,72,2,3,143,0.01,123,0.902439024390244,0.546827794561934,116,118.66377113478,136,2076.64655172414,673.873328605125,0.601481481875344,0.0211416583530674,0.0086206896551724,0.0026602378444776,0.0910852713178297,0.992103219819108,105.993630573248,0.0232558139534883,0.193798449612403,0.948264224137931,0.0065689655172413,0,124.5,-5.4413797250205e-05,-0.429479154500804,0.0086206896551724,0.0026487464825723,116,107.354549265938,0.0910852713178297,0.992103219819108,105.993630573248,0.0232558139534883,0.193798449612403,2096.18518518519,687.115685824772,0.0808823529411764,0.382352941176471,0.0147058823529411,0.286764705882353,7.75862068965517,38.7931034482759,0.449612403100775,0.46551724137931,0,0,0,0,0,11.2540650406504,2.75,6.15,3.78125,11.1111111111111,9.48275862068965,1.21551724137931,0.63291139240506,10.126582278481,539.652173913043,421.817661895017,81.5602836879433,2.12765957446808,16.3120567375887,0.63291139240506,10.126582278481,516.122043397812,457.111165127205,542.866395994553,10.6382978723404,43.2624113475177,2.83687943262411,0,0,0,38.2978723404255,1.41843971631205,0,3.54609929078014,1291.10491650285,0.162991619201841,0.036049568965223,0.250991460069927,0.0169189042563613,0.0019093881784004,0.0020062631392071,0.0021727640114418,0.0019880584560099,0.0032212657679605,0.0026528071030263,0.0004915385155536,0.0025279123657046,0.0001418439716312,0.0008510638297872,0.0016101556955117,0.0018646459333873,0.0100456281307345,0.0099254275755856,0.0124195804195804,0.0064102564102564,0,0.0087915524125655,0.0100456281307345,0.0099254275755856,0.0124195804195804,0.0064102564102564,0,0.0087915524125655,0.0100456281307345,0.0069842969307637,0.0099254275755856,0.0074606580829756,0.0124195804195804,0.0103121516164994,0.0064102564102564,0,0,0,0.0087915524125655,0.0066692170364702,0,0,NA,NA,NA,NA,NA,NA,NA,NA,NA,NA,1623,0,0.86206896551724,0,NA,0.0735294117647058,0.161764705882353,NA,NA,NA,NA,NA,122,2066.7868852459,664.670018332876,29.3103448275862,6.89655172413793,16.3793103448276,NA,NA,16.1150793650794,1.76785714285714,8.1967213114754,412.445072100516,352.723671813851,487.179381747627,NA,1979.18598100113,0.0680404074540186,0.054932868790509,0.00403047020941,0.0039389570864823,0.0052947052947052,0.006198347107438,0.002840909090909,0.0038935677899038,NA,NA,NA,NA,NA,NA,NA,NA,NA,NA,NA,NA,NA,NA,NA,NA,NA,NA,NA,NA,NA,NA,NA,NA,0,0,NA,NA,0,0,0.0567375886524822,0,0,0.134751773049645,0,0,0.0070921985815602,0.24113475177305,0,0,0,0.0212765957446808,0,0,0,0,0.0496453900709219,0,0,0.0070921985815602,0,0,0,0.333333333333333,0,0,0.0070921985815602,0,0,0.0070921985815602,0.0283687943262411,"P6","15"
"24","20250703_P6x20",8773,8531,194,1674,2857,72,0,3,179,1664,46,73,242,0.01,992,0.518145161290323,0.226604354268779,845,636.622985895117,2922,2119.03905325444,625.780143360235,0.604701752840933,0.0236024732250497,0.0011834319526627,0.0012767103452795,0.482883735806812,0.93834716287188,390.75582280408,0.01009009009009,0.01009009009009,0.949436170882967,0.0153164148586456,0,151,-0.0003848048117652,-10.4492139589242,0.0020141434546976,0.0015614919571369,496.6,354.605359349605,0.343361512908143,0.963717479468526,310.149341889881,0.0120126448893571,0.0198103266596416,2065.52696078431,698.326296884325,0.109856262833675,0.422655715263518,NA,0.286447638603696,10.7692307692308,37.5147928994083,0.538738738738739,0.48284023668639,13,4,6,0.47337278106508,0.0060483870967741,5.73757704078367,3.33358948795936,5.20819102530082,4.13918634520433,2.69607843137254,2.01183431952662,1.30781065088757,2.10034130546213,15.0036880993161,660.803170073679,568.908168023048,76.4636684462944,4.34349832594335,19.1928332277622,2.10034130546213,15.0036880993161,648.71314696985,472.760039621692,620.802531264768,12.1708442674871,40.5393177088046,2.08125961451452,0,0,0,35.9243507374898,2.98615509908605,0,6.29807257261786,1522.79810865797,0.160836295459924,0.0345743765371619,0.235320371528468,0.0156496069612916,0.0019050862420938,0.0020502671265894,0.0021809662499597,0.0019041587479431,0.0030032505098144,0.0027191250591338,0.0004367261965024,0.0036027676701901,0.0001085874581485,0.0014514523572527,0.0016136655921873,0.0017587938531842,0.0099893590943554,0.0100173909848837,0.0115666183925128,0.0029910790247696,0,0.0088295311457694,0.0099893590943554,0.0100173909848837,0.0115666183925128,0.0029910790247696,0,0.0088295311457694,0.0099893590943554,0.007123929152,0.0100173909848837,0.0071807943605836,0.0115666183925128,0.009809216897348,0.0029910790247696,0.0017542833752412,0,0.0010233319688907,0.0088295311457694,0.0063458278091549,110,97,0.481818181818182,0.0818181818181818,0.290909090909091,0.381818181818182,0.0636363636363636,0.1,0.0818181818181818,9,44,15,NA,NA,NA,NA,0.0078713210130047,0.0410677618069815,0.132101300479124,0.982495559267213,0.994646362040836,205.425,19747.075,NA,294,2169,544.744858716811,34.3195266272189,3.78698224852071,13.1360946745562,0.47337278106508,2,6.39061526426252,2.33982402172286,1.37299771167048,450.10155953026,291.082134185107,497.77388511547,277.263412660235,1824.70304839112,0.0573758661651888,0.0544034056676662,0.0040949251140228,0.0038098304659484,0.0055761934476995,0.00906670298437,0.0048106846473029,0.0037965337439352,1,NA,NA,NA,3,NA,NA,NA,NA,NA,NA,NA,NA,NA,NA,NA,NA,NA,NA,NA,NA,NA,NA,NA,0,0,NA,NA,0.0036195819382861,0,0.0325762374445751,0,0.0009048954845715,0.0850601755497239,0,0.001809790969143,0.0054293729074291,0.284137182155461,0,0.0009048954845715,0.0036195819382861,0.0081440593611437,0,0,0,0,0.073296534250294,0,0,0,0.001809790969143,0,0.0110397249117726,0.285946973124604,0,0.0009048954845715,0.0099538503302868,0.0171930142068591,0,0.0072391638765722,0.0447018369378336,"P6","20"
"25","20250703_P6x25",92666,90594,1233,10740,32188,442,0,88,1098,18003,488,443,2072,0.01,3066,0.531963470319635,0.143029805969827,1420,737.108208818743,33219,2198.42605633803,643.947486724729,0.606782992568034,0.0240700344920948,0.0007042253521126,0.0012320003496845,0.688096185962979,0.8750762168646,349.89272612164,0.0161290322580645,0.0263007795170796,0.952084522557694,0.0163868037200964,0,232,-0.0004958199149243,-14.3983199297476,0.0022806061114284,0.0019848472905604,438.6,304.803821704107,0.380287290115847,0.955471658676478,249.714520870628,0.0188619599578503,0.0517386722866174,2108.18481375358,708.618939266676,0.181552725849664,0.418736265390289,0.0007826846082061,0.198199825401126,15.2112676056338,33.943661971831,0.607136066924393,0.491549295774648,168,7,15,0.49295774647887,0.0038030610519194,4.87569868269611,4.12345325564511,4.07393585801658,4.39720929485498,0.71633237822349,1.33802816901408,1.34046764687396,2.50272832318279,16.3873952036988,557.393625060269,524.950953361669,74.2330801385445,5.14850803508659,20.6184118263689,2.50272832318279,16.3873952036988,606.625231846236,470.579058195643,579.918040812093,13.3263732718339,38.9815608370842,2.95251175073333,0,0,0,35.2515193014602,2.67932561009608,0,6.80870922879222,1642.77947077448,0.168455720428272,0.0344320374854677,0.240702354326942,0.0188493294493559,0.0019268645852009,0.0020409735655143,0.0021394428167991,0.0019218782117347,0.0030662020001437,0.0027356303046984,0.0005959679414005,0.0035336287098651,0.0001501077872229,0.0013826755577557,0.0015988234822898,0.0017493969601402,0.0100916479916518,0.0098502149261833,0.0118852738836521,0.0045631331367376,1.4925408428092e-06,0.0087068861622234,0.0100916479916518,0.0098502149261833,0.0118852738836521,0.0045631331367376,1.4925408428092e-06,0.0087068861622234,0.0100916479916518,0.0071450586299424,0.0098502149261833,0.007138444720244,0.0118852738836521,0.0097444663313995,0.0045631331367376,0.0026282546579796,1.4925408428092e-06,0.001045018415271,0.0087068861622234,0.0062845878734182,262,243,0.50381679389313,0.125954198473282,0.293893129770992,0.408396946564886,0.0305343511450381,0.0954198473282442,0.0458015267175572,14,151,10,1575.5,474.5,0.14084507042253,0,0.0129745025437249,0.0519883199373852,0.135765676269605,0.978461257771603,0.999984911907364,152.333918128655,87558.6528265107,8,453.5,2287.64027777778,559.878047028429,30.8450704225352,5.6338028169014,13.0281690140845,1.19718309859154,4,5.62124601114521,3.87175451284062,1.94444444444444,438.209847536994,303.342820562656,433.483782073067,325.581069814397,2215.60732433955,0.0613685321127391,0.0540099500850496,0.004055477006568,0.0038888593751166,0.0056952445510342,0.0091925904448369,0.0046257633524794,0.0038107610858122,1,NA,1.1,3.4,2,NA,NA,NA,NA,NA,NA,NA,NA,NA,NA,NA,NA,NA,NA,NA,NA,NA,NA,NA,0,0,NA,NA,0.0052535796276393,0,0.0493836484998101,0.0021014318510557,0.0105071592552787,0.0877347797815776,0.0005253579627639,0.0021014318510557,0,0.247443600461815,0,0.0010507159255278,0.0047282216648754,0.0085107989967757,0,0,0,0,0.092988359409217,0,0,0.0026267898138196,0.0036775057393475,0,0.0163639276549804,0.259526833605385,0.0010507159255278,0.0021014318510557,0.0057789375904033,0.0115578751808066,0,0.0141846649946263,0.0375384996383154,"P6","25"
